Statut sauvegardes du 28/11/2023 au 28/11/2023,,,,
"Plateaux selectionnes : [EM EXSIM2, OSI DISCOVR, OSI DSC, OSI FGAI, OSI MAT, OSI MMD, OSI WRH, Plateau COP2, Plateau OSC]",,,,
Application,Fanion,Hostname,Env.,"Nov
M
28"
2PI,1GA,dceyy0t4,PROD,OK
2PI,1GA,dceyy1pq,PROD,OK
2PI,1GA,dceyy1sa,PROD,OK
2PI,1GA,dcgyy5g2,PREPROD,OK
2PI,1GA,dcgyy5jh,DEV,OK
2PI,1GA,dcgyy7rr,PREPROD,OK
2PI,1GA,noefybqf,PROD,OK
2PI,1GA,pc2yy0hu,RECETTE,AT
2PI,1GA,pc2yy0hv,RECETTE,OK
2PI,1GA,pc2yy0rt,PREPROD,OK
ACA,COX,noeyy398,PROD,OK
ACHATLAKE - LAC DE DONNEES DES ACHATS,HLK,dcgyy37o,PROD,OK
ACHATLAKE - LAC DE DONNEES DES ACHATS,HLK,do0yyfjt,DEV,OK
ACHATLAKE - LAC DE DONNEES DES ACHATS,HLK,do0yyg6p,PREPROD,OK
ACHATLAKE - LAC DE DONNEES DES ACHATS,HLK,do0yygc7,PREPROD,OK
ACHATLAKE - LAC DE DONNEES DES ACHATS,HLK,do0yygnf,PROD,OK
ACHATLAKE - LAC DE DONNEES DES ACHATS,HLK,do0yygoh,PROD,OK
ACHATLAKE - LAC DE DONNEES DES ACHATS,HLK,do0yyhc8,PROD,OK
ACHATLAKE - LAC DE DONNEES DES ACHATS,HLK,do0yyhh2,PREPROD,OK
ACHATLAKE - LAC DE DONNEES DES ACHATS,HLK,do0yyhh5,DEV,OK
AEL ECLIDE,AE007,dcgfy78u,RECETTE,OK
AEL ECLIDE,AE007,no2fy1ap,RECETTE,OK
AEL ECLIDE,AE007,pc2fy70l,PREPROD,OK
AEL ECLIDE,AE007,pc2fy70m,PREPROD,OK
AEL ECLIDE,AE007,pc2fy72t,RECETTE,OK
AEL ECLIDE,AE007,pc2fy72u,RECETTE,OK
AEL ECLIDE,AE007,pc2fy89x,PROD,OK
AEL ECLIDE,AE007,pc2fy89y,PROD,OK
AEPR DISTRIBUTEUR,AEPRE,pcyyyxk5,PROD,OK
AERO,AE008,no2fya08,PROD,OK
AERO,AE008,no2fyb08,PROD,OK
AERO,AE008,no2fyz07,PROD,OK
AERO,AE008,pc2fy46t,DEV,OK
AERO,AE008,pc2fy46u,RECETTE,OK
AGORA (DSP),AG001,dceyy109,PROD,OK
AGORA (DSP),AG001,dceyy10a,RECETTE,OK
AGREGATEUR SIGALE,CLGAZ,dceyy15y,RECETTE,OK
AGREGATEUR SIGALE,CLGAZ,dceyy1cw,PROD,OK
AGREGATEUR SIGALE,CLGAZ,dceyy1cx,BACKUP,OK
AGREGATEUR SIGALE,CLGAZ,dceyy1cy,QUALIF,OK
AGREGATEUR-CEC-ELEC,CLELE,dcgyy73b,PROD,OK
AGREGATEUR-CEC-ELEC,CLELE,pc2yy0nd,RECETTE,OK
AGREGATEUR-CEC-ELEC,CLELE,pcyyydtr,RECETTE,OK
AGREGATEUR-CEC-ELEC,CLELE,pcyyydtt,PROD,OK
ALEXANDRIE,ALEX,dcgyy5dl,PROD,OK
ALFRESCO MUTUALISE,GE013,no2fy94g,PROD,OK
ALFRESCO MUTUALISE,GE013,no2fy94h,PROD,OK
ALFRESCO MUTUALISE,GE013,no2fy94j,PROD,OK
ALFRESCO MUTUALISE,GE013,pc2fy56n,PREPROD,OK
ALFRESCO MUTUALISE,GE013,pc2fy56p,PREPROD,OK
ALFRESCO MUTUALISE,GE013,pc2fy56q,PREPROD,OK
ALLOA,SNW,dcefy3se,PREPROD,OK
ALLOA,SNW,dcgfy1uv,PROD,OK
ALLOA,SNW,dcgfy1uz,PROD,OK
ALLOA,SNW,dcgfy1v0,PROD,OK
ALLOA,SNW,dcgfy1vc,PROD,OK
ALLOA,SNW,dcgfy1vd,PROD,OK
ALLOA,SNW,dcgfy1ve,PROD,OK
ALLOA,SNW,dcgfy1vg,PROD,OK
ALLOA,SNW,dcgfy1vh,PROD,OK
ALLOA,SNW,dcgfy1vi,PROD,OK
ALLOA,SNW,dcgfy1vj,PROD,OK
ALLOA,SNW,dcgfy1vk,PROD,OK
ALLOA,SNW,dcgfy3p1,RECETTE,OK
ALLOA,SNW,dcgfy3p4,PREPROD,OK
ALLOA,SNW,dcgfy3p5,PREPROD,OK
ALLOA,SNW,dcgfy3pm,PROD,OK
ALLOA,SNW,dcgfy3pn,PROD,OK
ALLOA,SNW,dcgfy3po,QUALIF,OK
ALLOA,SNW,dcgfy4gj,PREPROD,OK
ALLOA,SNW,dcgfy4gk,PREPROD,OK
ALLOA,SNW,dcgfy4hh,PROD,OK
ALLOA,SNW,dcgfy4hi,PROD,OK
ALLOA,SNW,dcgfy4zh,INTEG,OK
ALLOA,SNW,dcgfy7rw,PREPROD,OK
ALLOA,SNW,dcgfy7rx,PREPROD,OK
ALLOA,SNW,dcgfy7ry,PREPROD,OK
ALLOA,SNW,dcgfy7rz,PREPROD,OK
ALLOA,SNW,dcgfy7s0,PREPROD,OK
ALLOA,SNW,dcgfy7s1,PREPROD,OK
ALLOA,SNW,dcgfy7s5,PREPROD,OK
ALLOA,SNW,dcgfy7s7,PREPROD,OK
ALLOA,SNW,dcgfy7s9,PREPROD,OK
ALLOA,SNW,dcgfy7sa,PREPROD,OK
ALLOA,SNW,dcgfy7sb,PREPROD,OK
ALLOA,SNW,dcgfy7sc,PREPROD,OK
ALLOA,SNW,dcgfy7sh,PREPROD,OK
ALLOA,SNW,do1fy083,RECETTE,OK
ALLOA,SNW,no2fy06m,PROD,OK
ALLOA,SNW,no2fy06n,PROD,OK
ALLOA,SNW,no2fy1f9,PREPROD,OK
ALLOA,SNW,no2fy1fa,PREPROD,OK
ALLOA,SNW,no2fy73s,QUALIF,OK
ALLOA,SNW,no2fy73t,QUALIF,OK
ALLOA,SNW,no2fy73u,QUALIF,OK
ALLOA,SNW,no2fy73v,QUALIF,OK
ALLOA,SNW,no2fy73w,QUALIF,OK
ALLOA,SNW,no2fy73x,QUALIF,OK
ALLOA,SNW,no2fy74f,FORM,OK
ALLOA,SNW,no2fy74g,FORM,OK
ALLOA,SNW,no2fy74r,QUALIF,OK
ALLOA,SNW,no2fy74t,QUALIF,OK
ALLOA,SNW,no2fy74v,QUALIF,OK
ALLOA,SNW,no2fy779,PROD,OK
ALLOA,SNW,no2yy06k,PROD,OK
ALLOA,SNW,no2yy06l,PROD,OK
ALLOA,SNW,no2yy06p,PROD,OK
ALLOA,SNW,no2yy1f8,PREPROD,OK
ALLOA,SNW,no2yy1fb,PREPROD,OK
ALLOA,SNW,no2yy1fc,PREPROD,OK
ALLOA,SNW,pc2fy43w,INTEG,OK
ALLOA,SNW,pc2fy43x,INTEG,OK
ALLOA,SNW,pc2fy43y,INTEG,OK
ALLOA,SNW,pc2fy43z,INTEG,OK
ALLOA,SNW,pc2fy441,INTEG,OK
ALLOA,SNW,pc2fy442,INTEG,OK
ALLOA,SNW,pc2fy443,INTEG,OK
ALLOA,SNW,pc2fy444,INTEG,OK
ALLOA,SNW,pc2fy446,RECETTE,OK
ALLOA,SNW,pc2fy447,RECETTE,OK
ALLOA,SNW,pc2fy44a,RECETTE,OK
ALLOA,SNW,pc2fy44b,RECETTE,OK
ALLOA,SNW,pc2fy44e,RECETTE,OK
ALLOA,SNW,pc2fy44j,INTEG,OK
ALLOA,SNW,pc2fy44k,RECETTE,OK
ALLOA,SNW,pc2fy44m,RECETTE,OK
ALLOA,SNW,pc2fy44n,RECETTE,OK
ALLOA,SNW,pc2fy44p,RECETTE,OK
ALLOA,SNW,pc2fy44q,RECETTE,OK
ALLOA,SNW,pc2fy44r,RECETTE,OK
ALLOA,SNW,pc2fy44s,RECETTE,OK
ALLOA,SNW,pc2fy84g,PREPROD,OK
ALLOA,SNW,pc2fy84h,PREPROD,OK
ALLOA,SNW,pc2fy84j,PREPROD,OK
ALLOA,SNW,pc2fy84k,PREPROD,OK
ALLOA,SNW,pc2fy84l,PREPROD,OK
AMADEA,ZAH,pc2yy46y,PROD,OK
ANALYSE SI FINANCE,AN005,pc2fy56a,PROD,PS
ANALYSE SI FINANCE,AN005,pc2fy70b,PROD,OK
ANALYSE SI FINANCE,AN005,pc2fy70c,PROD,OK
APOLO,AP003,dceyy2im,RECETTE,OK
APOLO,AP003,dceyy2in,RECETTE,OK
APOLO,AP003,dceyy2oz,RECETTE,RE
APOLO,AP003,dceyy2p0,QUALIF,OK
APOLO,AP003,dceyy2p1,QUALIF,PS
APOLO,AP003,dceyy2r1,PROD,OK
APOLO,AP003,noeyygc6,BACKUP,OK
APPS AS A SERVICE,A2S,dcgfy1qe,PROD,OK
APPS AS A SERVICE,A2S,dcgfy1qf,PREPROD,OK
APPS AS A SERVICE,A2S,dcgfy1qh,RECETTE,OK
ARCHIVAGE ET SERVICES,EDTBC,dceyy335,RECETTE,OK
ARCHIVAGE ET SERVICES,EDTBC,dceyy336,RECETTE,RE
ARCHIVAGE ET SERVICES,EDTBC,dceyy337,RECETTE,OK
ARCHIVAGE ET SERVICES,EDTBC,dceyy33b,RECETTE,OK
ARCHIVAGE ET SERVICES,EDTBC,dceyy33c,RECETTE,OK
ARCHIVAGE ET SERVICES,EDTBC,dceyy33d,RECETTE,OK
ARCHIVAGE ET SERVICES,EDTBC,dceyy33e,RECETTE,OK
ARCHIVAGE ET SERVICES,EDTBC,dceyy3is,PROD,OK
ARCHIVAGE ET SERVICES,EDTBC,dceyy3it,PROD,OK
ARCHIVAGE ET SERVICES,EDTBC,dceyy3iu,PROD,OK
ARCHIVAGE ET SERVICES,EDTBC,dceyy3k9,PROD,OK
ARCHIVAGE ET SERVICES,EDTBC,dceyy3ka,PROD,OK
ARCHIVAGE ET SERVICES,EDTBC,dceyy3kb,PROD,OK
ARCHIVAGE ET SERVICES,EDTBC,dcgyy2i4,PREPROD,OK
ARCHIVAGE ET SERVICES,EDTBC,dcgyy2ie,PREPROD,OK
ARCHIVAGE ET SERVICES,EDTBC,dcgyy2if,PREPROD,OK
ARCHIVAGE ET SERVICES,EDTBC,dcgyy50z,PROD,OK
ARCHIVAGE ET SERVICES,EDTBC,dcgyy51a,PROD,OK
ARCHIVAGE ET SERVICES,EDTBC,dcgyy51b,PROD,OK
ARCHIVAGE ET SERVICES,EDTBC,no2fya26,PROD,OK
ARCHIVAGE ET SERVICES,EDTBC,no2fya28,PROD,OK
ARCHIVAGE ET SERVICES,EDTBC,no2fyb26,PROD,OK
ARCHIVAGE ET SERVICES,EDTBC,no2fyb28,PROD,OK
ARCHIVAGE ET SERVICES,EDTBC,no2fyc28,PROD,OK
ARCHIVAGE ET SERVICES,EDTBC,no2fyd26,PROD,OK
ARCHIVAGE ET SERVICES,EDTBC,no2fyd28,PROD,OK
ARCHIVAGE ET SERVICES,EDTBC,no2fyp03,RECETTE,OK
ARCHIVAGE ET SERVICES,EDTBC,no2fyq03,RECETTE,OK
ARCHIVAGE ET SERVICES,EDTBC,no2fyq26,PROD,OK
ARCHIVAGE ET SERVICES,EDTBC,no2fyx27,PROD,OK
ARCHIVAGE ET SERVICES,EDTBC,no2fyy27,PROD,OK
ARCHIVAGE ET SERVICES,EDTBC,no2fyz25,PROD,OK
ARCHIVAGE ET SERVICES,EDTBC,no2fyz27,PROD,OK
ARCHIVAGE ET SERVICES,EDTBC,no2yy0ml,PROD,OK
ARCHIVAGE ET SERVICES,EDTBC,no2yy0nl,PROD,OK
ARCHIVAGE ET SERVICES,EDTBC,no2yy0p2,PROD,OK
ARCHIVAGE ET SERVICES,EDTBC,no2yy0p3,PROD,OK
ARCHIVAGE ET SERVICES,EDTBC,no2yy0p4,PROD,OK
ARCHIVAGE ET SERVICES,EDTBC,no2yy0p5,PROD,OK
ARCHIVAGE ET SERVICES,EDTBC,no2yy0p7,PROD,KT
ARCHIVAGE ET SERVICES,EDTBC,no2yy0p8,PROD,OK
ARCHIVAGE ET SERVICES,EDTBC,pc2fy77f,PROD,OK
ARCHIVAGE ET SERVICES,EDTBC,pc2fy77g,PROD,OK
ARCHIVAGE ET SERVICES,EDTBC,pc2fy77h,PROD,OK
ARCHIVAGE ET SERVICES,EDTBC,pc2fy77j,PROD,OK
ARCHIVAGE ET SERVICES,EDTBC,pc2fy77m,PROD,OK
ARCHIVAGE ET SERVICES,EDTBC,pc2fy78e,PROD,OK
ARCHIVAGE ET SERVICES,EDTBC,pc2fy78f,PROD,OK
ARCHIVAGE ET SERVICES,EDTBC,pc2fy78g,PROD,OK
ARCHIVAGE ET SERVICES,EDTBC,pc2fy78h,PROD,OK
ARCHIVAGE ET SERVICES,EDTBC,pc2fy78j,PROD,OK
ARCHIVAGE ET SERVICES,EDTBC,pc2fy78k,PROD,OK
ARCHIVAGE ET SERVICES,EDTBC,pc2fy78l,PROD,OK
ARCHIVAGE ET SERVICES,EDTBC,pc2yy0df,PROD,OK
ARDECO,AR010,dceyy32a,DEV,OK
ARDECO,AR010,dceyy3n9,RECETTE,OK
ARDECO,AR010,dceyy3na,RECETTE,OK
ARDECO,AR010,no2yyx49,PROD,OK
ARDECO,AR010,pc2yy886,PROD,OK
AROM,ATM,dceyy06m,QUALIF,OK
AROM,ATM,dceyy06n,QUALIF,OK
AROM,ATM,dceyy06o,QUALIF,OK
AROM,ATM,dceyy06p,QUALIF,OK
AROM,ATM,dceyy06q,QUALIF,OK
AROM,ATM,dceyy06r,QUALIF,OK
AROM,ATM,dceyy06s,QUALIF,OK
AROM,ATM,dceyy06t,QUALIF,OK
AROM,ATM,dceyy06u,QUALIF,OK
AROM,ATM,dceyy06v,QUALIF,OK
AROM,ATM,dceyy06w,PROD,OK
AROM,ATM,dceyy06x,PROD,OK
AROM,ATM,dceyy06y,PROD,OK
AROM,ATM,dceyy06z,PROD,OK
AROM,ATM,dceyy070,PROD,OK
AROM,ATM,dceyy071,PROD,OK
AROM,ATM,dceyy072,PROD,OK
AROM,ATM,dceyy073,PROD,OK
AROM,ATM,dceyy074,PROD,OK
AROM,ATM,dceyy075,PROD,OK
AROM,ATM,dceyy132,RECETTE,OK
AROM,ATM,dceyy134,RECETTE,OK
AROM,ATM,dceyy135,RECETTE,OK
AROM,ATM,dceyy168,RECETTE,OK
AROM,ATM,dceyy169,RECETTE,OK
AROM,ATM,dceyy17n,PROD,OK
AROM,ATM,dceyy17w,QUALIF,OK
AROM,ATM,dceyy17y,QUALIF,OK
AROM,ATM,dceyy17z,PROD,OK
AROM,ATM,dceyy34f,QUALIF,OK
AROM,ATM,dceyy34g,QUALIF,OK
AROM,ATM,dceyy34h,QUALIF,OK
AROM,ATM,dceyy34i,QUALIF,OK
AROM,ATM,dceyy34j,PROD,OK
AROM,ATM,dceyy34k,PROD,OK
AROM,ATM,dceyy34l,PROD,OK
AROM,ATM,dceyy34m,PROD,OK
AROM,ATM,dceyy35y,RECETTE,OK
AROM,ATM,dceyy35z,RECETTE,OK
AROM,ATM,dcgyy2o5,QUALIF,OK
AROM,ATM,dcgyy2o6,QUALIF,OK
AROM,ATM,dcgyy2o7,QUALIF,OK
AROM,ATM,dcgyy2o8,QUALIF,OK
AROM,ATM,dcgyy2oa,PROD,OK
AROM,ATM,dcgyy2ob,PROD,OK
AROM,ATM,dcgyy2oc,PROD,OK
AROM,ATM,dcgyy2oe,PROD,OK
AROM,ATM,dcgyy2of,RECETTE,OK
AROM,ATM,dcgyy2og,RECETTE,RE
AROM,ATM,dcgyy2oj,RECETTE,RE
AROM,ATM,dcgyy2ol,DEV,OK
AROM,ATM,dcgyy2om,DEV,OK
AROM,ATM,dcgyy2on,DEV,OK
AROM,ATM,dcgyy7az,RECETTE,OK
AROM,ATM,dcgyy7b0,RECETTE,OK
AROM,ATM,no2fy424,PROD,OK
AROM,ATM,no2fy425,PROD,OK
AROM,ATM,no2fy426,RECETTE,OK
AROM,ATM,no2fy427,RECETTE,OK
AROM,ATM,no2yy95t,RECETTE,OK
AROM,ATM,no2yy962,RECETTE,OK
AROM,ATM,no2yy963,RECETTE,OK
AROM,ATM,noeyyda6,RECETTE,OK
AROM,ATM,noeyydqg,RECETTE,OK
AROM,ATM,noeyydqh,RECETTE,OK
AROM,ATM,noeyydqi,RECETTE,OK
AROM,ATM,noeyydqj,RECETTE,OK
AROM,ATM,noeyydzj,RECETTE,OK
AROM,ATM,noeyydzk,RECETTE,OK
AROM,ATM,noeyydzl,RECETTE,OK
AROM,ATM,pc2fy38f,PROD,OK
AROM,ATM,pc2fy38g,PROD,OK
AROM,ATM,pc2fy38h,RECETTE,OK
AROM,ATM,pc2fy38j,RECETTE,OK
AROM,ATM,pcyyydmc,RECETTE,OK
AROM,ATM,pcyyydmd,RECETTE,OK
AROM,ATM,pcyyydme,RECETTE,OK
AROM,ATM,pcyyydmf,RECETTE,OK
AROM,ATM,pcyyydvx,RECETTE,OK
AROM,ATM,pcyyydxk,RECETTE,OK
AROM,ATM,pcyyydxm,RECETTE,OK
AROM,ATM,pcyyydxn,RECETTE,OK
AROM,ATM,pcyyydxp,RECETTE,OK
AROM,ATM,pcyyydxr,RECETTE,OK
AROM,ATM,pcyyydxs,RECETTE,OK
AUTOMATES SIMM-OAN,SI041,dceyy1xg,PROD,OK
AUTOMATES SIMM-OAN,SI041,dceyy1zw,RECETTE,OK
BDDFEC,BD001,dceyy3jj,PROD,OK
BDDFEC,BD001,pc2fy78a,PROD,OK
BI-1,BI1,no2yy0vr,PROD,OK
BI-1,BI1,no2yy0vs,PREPROD,OK
BI-1,BI1,no2yy136,PROD,OK
BLOCKCHAIN - PBLOCK,PBL,no2yyr31,BACKUP,OK
BLOCKCHAIN - PBLOCK,PBL,no2yys31,BACKUP,OK
BLOCKCHAIN - PBLOCK,PBL,noefyb4a,PROD,OK
BLOCKCHAIN - PBLOCK,PBL,noefyb4x,PROD,OK
BOURSE DE L EMPLOI,ACPL,dcgfy43s,DEV,OK
BOURSE DE L EMPLOI,ACPL,pc2fy0b9,PROD,OK
BPFR,PI002,dcgyy4vk,PREPROD,OK
BPFR,PI002,no2yy0dj,BACKUP,OK
BPFR,PI002,pc2yy0gz,PROD,OK
CACHEMIRE,V8K,dcgyy24g,RECETTE,OK
CACHEMIRE,V8K,dcgyy287,PREPROD,PF
CACHEMIRE,V8K,pc2yy04l,PROD,OK
CASH-COLLECTION,CA006,dcefy3zy,QUALIF,PS
CASH-COLLECTION,CA006,no2fy819,BACKUP,PS
CASH-COLLECTION,CA006,no2fy823,BACKUP,PS
CASH-COLLECTION,CA006,no2yy0bc,BACKUP,PS
CASH-COLLECTION,CA006,pc2fy359,QUALIF,PS
CASH-COLLECTION,CA006,pc2fy35a,QUALIF,PS
CASH-COLLECTION,CA006,pc2fy51f,PROD,OK
CASH-COLLECTION,CA006,pc2fy52f,PROD,OK
CASH-COLLECTION,CA006,pc2yy076,PROD,OK
CED-RH,CE003,dceyy34b,PROD,OK
CED-RH,CE003,no2yy137,PROD,OK
CELLULE ADN,46C,pc2fy401,PROD,OK
CELLULE ADN,46C,pc2fy408,PROD,OK
CENTRAL FINANCE (CFIN),OB1,dcefy3tf,BACKUP,OK
CENTRAL FINANCE (CFIN),OB1,dcefy3tg,BACKUP,OK
CENTRAL FINANCE (CFIN),OB1,dcefy3th,BACKUP,OK
CENTRAL FINANCE (CFIN),OB1,dcefy3u6,PROD,OK
CENTRAL FINANCE (CFIN),OB1,dcefy3u7,PROD,OK
CENTRAL FINANCE (CFIN),OB1,dcefy3u8,PROD,OK
CENTRAL FINANCE (CFIN),OB1,dcefy3u9,PROD,OK
CENTRAL FINANCE (CFIN),OB1,dcgfy2l9,DEV,OK
CENTRAL FINANCE (CFIN),OB1,dcgfy2la,DEV,OK
CENTRAL FINANCE (CFIN),OB1,dcgfy2lb,DEV,OK
CENTRAL FINANCE (CFIN),OB1,dcgfy2lc,DEV,OK
CENTRAL FINANCE (CFIN),OB1,dcgfy2ld,RECETTE,OK
CENTRAL FINANCE (CFIN),OB1,dcgfy2le,RECETTE,OK
CENTRAL FINANCE (CFIN),OB1,noeyyajr,BACKUP,OK
CENTRAL FINANCE (CFIN),OB1,pcyyylk6,PROD,OK
CLE2003-PRISME,CLPRI,no2yy018,RECETTE,PS
CLE2003-PRISME,CLPRI,pc2yy00k,RECETTE,PS
CLE2003-PRISME,CLPRI,pc2yy00l,PROD,OK
CLE2003-PRISME,CLPRI,pc2yy00m,PROD,KT
CUBES D ANALYSES MULTIDIMENSIONNELLES,CU002,pc2yy48p,PROD,OK
DATALAKE SEI,DAA,dceyy1bg,DEV,OK
DATALAKE SEI,DAA,dceyy1bp,PROD,OK
DATAROOM,DA003,no2fy873,INTEG,OK
DATAROOM,DA003,no2fy875,INTEG,OK
DATAROOM,DA003,no2fy876,INTEG,OK
DATAROOM,DA003,no2fy878,INTEG,OK
DATAROOM,DA003,pc2fy544,PROD,OK
DATAROOM,DA003,pc2fy54j,PROD,OK
DATAROOM,DA003,pc2fy54k,PROD,OK
DATAROOM,DA003,pc2fy54l,PROD,OK
DATAROOM,DA003,pc2fy54m,PROD,OK
DATASCIENCE FINANCE,DSF,noeyyq0b,PROD,OK
DATASCIENCE FINANCE,DSF,noeyyq0c,PROD,OK
DATAVIZ BI,DBI,dcgfy5wt,PROD,OK
DATAVIZ BI,DBI,no2fyu05,PROD,OK
DATAVIZ BI,DBI,no2fyv05,PROD,OK
DATAVIZ BI,DBI,no2fyw05,PROD,OK
DATAVIZ BI,DBI,no2yy154,PROD,OK
DATAVIZ BI,DBI,no2yya60,PROD,OK
DATAVIZ BI,DBI,no2yyq33,PROD,OK
DLK COMPTA,V4L,no2yyx33,DEV,OK
DLK COMPTA,V4L,pc2yy86x,PROD,OK
DOM ET CORSE,SOI,dcgfy64b,RECETTE,OK
DOM ET CORSE,SOI,dcgfy79m,RECETTE,OK
DOM ET CORSE,SOI,dcgfy7xy,RECETTE,OK
DOM ET CORSE,SOI,no2fy78f,RECETTE,OK
DOM ET CORSE,SOI,no2fy78g,RECETTE,OK
DOM ET CORSE,SOI,no2fy78h,RECETTE,OK
DOM ET CORSE,SOI,no2fy84t,PREPROD,OK
DOM ET CORSE,SOI,no2fy84u,PROD,OK
DOM ET CORSE,SOI,no2fy84z,PREPROD,OK
DOM ET CORSE,SOI,no2fy87j,PROD,OK
DOMIX,DO008,dceyy1pg,RECETTE,OK
DOMIX,DO008,dceyy1ph,RECETTE,PS
DOMIX,DO008,dcgyy72d,RECETTE,AT
DOMIX,DO008,dcgyy72e,RECETTE,AT
DOMIX,DO008,dcgyy72z,BACKUP,OK
DOMIX,DO008,dcgyy730,BACKUP,OK
DOMIX,DO008,dcgyy731,PROD,OK
DOMIX,DO008,dcgyy732,PROD,OK
DOMIX,DO008,no2yy48r,QUALIF,OK
DOMIX,DO008,no2yy48s,BACKUP,OK
DOMIX,DO008,no2yy48t,BACKUP,OK
DOMIX,DO008,pc2yy0px,RECETTE,PF
DOMIX,DO008,pc2yy43b,PROD,OK
DOMIX,DO008,pc2yy43f,PROD,OK
DOMIX,DO008,pcyyydlj,RECETTE,PS
E-MANUEL,78H,dceyy2p6,PROD,OK
EBOARD,EBO,dcefy020,PREPROD,OK
EBOARD,EBO,dcefy02d,PROD,OK
EBOARD,EBO,dceyy36j,RECETTE,OK
EBOARD,EBO,dcgfy70d,PREPROD,OK
EBOARD,EBO,dcgfy70e,PREPROD,OK
EBOARD,EBO,no2fy10y,RECETTE,OK
EBOARD,EBO,no2fy10z,RECETTE,RE
EBOARD,EBO,no2fy194,PROD,OK
EBOARD,EBO,no2fy196,PROD,OK
EBOARD,EC003,noeyy8gr,RECETTE,RE
ECLIDE,EC001,dceyy2u1,PREPROD,OK
ECLIDE,EC001,dceyy3g8,RECETTE,OK
ECLIDE,EC001,dceyy3oz,PROD,OK
ECLIDE,EC001,dcgyy0xb,BACKUP,OK
ECLIDE,EC001,dcgyy5km,RECETTE,OK
ECLIDE,EC001,dcgyy5kn,RECETTE,OK
ECLIDE,EC001,dcgyy5ko,RECETTE,OK
ECLIDE,EC001,dcgyy5kq,RECETTE,OK
ECLIDE,EC001,dcgyy5me,RECETTE,OK
ECLIDE,EC001,dcgyy78p,RECETTE,OK
ECLIDE,EC001,no2fy96x,PREPROD,OK
ECLIDE,EC001,no2fy96y,PREPROD,OK
ECLIDE,EC001,no2fy96z,PREPROD,OK
ECLIDE,EC001,no2fy971,PREPROD,OK
ECLIDE,EC001,no2fy972,PREPROD,OK
ECLIDE,EC001,no2fy973,PREPROD,OK
ECLIDE,EC001,no2fya14,RECETTE,OK
ECLIDE,EC001,no2fyb14,RECETTE,OK
ECLIDE,EC001,no2fyc14,RECETTE,KT
ECLIDE,EC001,no2fyd14,RECETTE,KT
ECLIDE,EC001,no2fye14,RECETTE,OK
ECLIDE,EC001,no2fyf14,RECETTE,OK
ECLIDE,EC001,no2yy1ah,RECETTE,OK
ECLIDE,EC001,no2yy1aj,RECETTE,OK
ECLIDE,EC001,no2yy1ak,RECETTE,OK
ECLIDE,EC001,no2yy1al,RECETTE,OK
ECLIDE,EC001,no2yy1am,RECETTE,OK
ECLIDE,EC001,no2yy1an,RECETTE,OK
ECLIDE,EC001,no2yya57,BACKUP,OK
ECLIDE,EC001,no2yyb57,BACKUP,OK
ECLIDE,EC001,no2yyu56,BACKUP,OK
ECLIDE,EC001,no2yyw56,BACKUP,OK
ECLIDE,EC001,no2yyx56,BACKUP,OK
ECLIDE,EC001,no2yyy56,BACKUP,OK
ECLIDE,EC001,pc2yy81l,PROD,OK
ECLIDE,EC001,pc2yy81m,PROD,OK
ECLIDE,EC001,pc2yy81n,PROD,OK
ECLIDE,EC001,pc2yy81p,PROD,OK
ECLIDE,EC001,pc2yy81q,PROD,OK
ECLIDE,EC001,pc2yy81r,PROD,OK
ECS,EC009,dcefy02i,INTEG,OK
ECS,EC009,dcefy02j,INTEG,KT
ECS,EC009,dcefy02k,RECETTE,OK
ECS,EC009,dcefy02l,RECETTE,OK
ECS,EC009,no2fyq29,PROD,OK
ECS,EC009,no2fys29,PROD,OK
ECS,EC009,pc2fy79d,PROD,OK
EDIFIS,EDIFI,no2fy97a,PROD,OK
EDIFIS,EDIFI,no2fy97b,PROD,OK
EDIFIS,EDIFI,no2fy97c,PROD,OK
EDIFIS,EDIFI,no2fy97d,PROD,OK
EDIFIS,EDIFI,no2fy97e,PROD,OK
EDIFIS,EDIFI,no2fy97f,PROD,OK
EDIFIS,EDIFI,no2fy97g,PROD,OK
EDIFIS,EDIFI,no2fy97k,PROD,OK
EDIFIS,EDIFI,no2fyj11,PROD,OK
EDITIC,RE002,noeyydsg,PROD,AT
EDITIC,RE002,noeyydu6,RECETTE,PS
EDITIC,RE002,pcyyydll,QUALIF,AT
EDITIC,RE002,pcyyydnw,PROD,AT
EMM ENEDIS,TYF,pc2fy383,PROD,OK
EMM ENEDIS,TYF,pc2fy384,PROD,OK
EMM ENEDIS,TYF,pc2fy385,PROD,OK
EMM ENEDIS,TYF,pc2fy386,PROD,OK
EMM ENEDIS,TYF,pc2yy0vn,PROD,OK
EMM ENEDIS,TYF,pcyfyngz,RECETTE,OK
EPVRO,EP005,dcgyy67s,RECETTE,OK
EPVRO,EP005,dcgyy6fn,PROD,OK
EPVRO,EP005,noeyy6t7,RECETTE,OK
EPVRO,EP005,noeyy6t8,PROD,OK
ESE@RCH,AR5,dcefy03s,PROD,OK
ESE@RCH,AR5,dcefy03t,PROD,OK
ESE@RCH,AR5,dcefy03u,PROD,OK
ESE@RCH,AR5,dcefy03v,PROD,OK
ESE@RCH,AR5,dcefy03w,PROD,OK
ESE@RCH,AR5,dcefy03x,PROD,OK
ESE@RCH,AR5,dcefy03y,PROD,OK
ESE@RCH,AR5,dcefy03z,PROD,OK
ESE@RCH,AR5,dcefy040,PROD,OK
ESE@RCH,AR5,no2fyo10,RECETTE,OK
ESE@RCH,AR5,no2fyp10,RECETTE,OK
ESE@RCH,AR5,no2yyl31,PROD,OK
ESE@RCH,AR5,no2yym31,PROD,OK
ESE@RCH,AR5,no2yyn31,PROD,OK
ESE@RCH,AR5,no2yyo31,PROD,OK
ESE@RCH,AR5,pc2yy816,PROD,OK
ESIGN,IGN,pcyfykzg,PROD,OK
ESIGN,IGN,pcyfykzk,PROD,OK
ESIGN,IGN,pcyfykzl,PREPROD,OK
ESPACE WEB ACHATS,EHA,no2fyi32,PROD,OK
ESPACE WEB ACHATS,EHA,no2fyj29,DEV,OK
ESPACE WEB ACHATS,EHA,no2fyk32,PROD,OK
ESPACE WEB ACHATS,EHA,no2fyl29,DEV,OK
ESPACE WEB ACHATS,EHA,pc2fy81g,PREPROD,OK
ESPACE WEB ACHATS,EHA,pc2fy81h,PREPROD,OK
EVOA,EV003,noeyy8g8,RECETTE,OK
EVOA,EV003,noeyy8jg,PROD,OK
EVOA,EV003,noeyy8jj,PROD,OK
EVOA,EV003,pcyyydhf,RECETTE,PS
EXCALIBUR,EX004,dceyy1z4,PROD,OK
EXCALIBUR,EX004,dceyy1z6,PROD,OK
EXCALIBUR,EX004,dceyy27e,RECETTE,OK
EXCALIBUR,EX004,dceyy2ew,RECETTE,OK
FAST-MCP,SH2,dceyy0bp,PROD,OK
FELIX,CLFEL,dceyy405,RECETTE,OK
FELIX,CLFEL,dceyy406,RECETTE,OK
FELIX,CLFEL,no2fy39l,PROD,OK
FELIX,CLFEL,no2fy39m,PROD,OK
FELIX,CLFEL,no2fy39n,PROD,OK
FELIX,CLFEL,no2fy39p,PROD,OK
FELIX,CLFEL,no2fy39r,PROD,OK
FELIX,CLFEL,no2fy39s,PROD,OK
FELIX,CLFEL,no2fy39t,PROD,OK
FELIX,CLFEL,no2fy39u,PROD,OK
FELIX,CLFEL,no2fy45d,DEV,OK
FELIX,CLFEL,no2yy0av,RECETTE,RE
FELIX,CLFEL,no2yy0aw,RECETTE,OK
FELIX,CLFEL,no2yy0ay,RECETTE,OK
FELIX,CLFEL,no2yy0b0,RECETTE,OK
FELIX,CLFEL,no2yy0ws,PROD,OK
FELIX,CLFEL,no2yy0wt,PROD,OK
FELIX,CLFEL,no2yy0wu,PROD,OK
FELIX,CLFEL,no2yy0wv,PROD,OK
FELIX,CLFEL,no2yy0ww,PROD,OK
FELIX,CLFEL,no2yy0wx,PROD,OK
FELIX,CLFEL,no2yy0wy,PROD,OK
FELIX,CLFEL,no2yy0wz,PROD,OK
FELIX,CLFEL,pc2fy378,PROD,OK
FIDAA UPTI,RLY,dcgfy149,PROD,OK
FIDAA UPTI,RLY,no2fyg48,PREPROD,OK
FIDAA UPTI,RLY,no2fyk45,PREPROD,OK
FIDAA UPTI,RLY,pc2fy00t,PROD,OK
FIDJI,FI001,dceyy0hr,RECETTE,OK
FIDJI,FI001,dceyy2ds,PROD,OK
FRONT OFFICE PAAE,FR001,dceyy07g,PROD,OK
FRONT OFFICE PAAE,FR001,dceyy07h,PROD,OK
FRONT OFFICE PAAE,FR001,noeyyqjm,RECETTE,OK
FRONT OFFICE PAAE,FR001,pcyyypot,RECETTE,OK
FUTUNOA,FU001,dceyy22v,DEV,OK
FUTUNOA,FU001,dceyy22w,DEV,OK
FUTUNOA,FU001,dceyy22x,DEV,OK
FUTUNOA,FU001,dcgyy6xm,RECETTE,OK
FUTUNOA,FU001,no2yy17p,PROD,OK
FUTUNOA,FU001,noeyydki,PROD,OK
FUTUNOA,FU001,noeyyp58,RECETTE,OK
GDE LINUX,FR7,noe038f7,DEV,OK
GDE LINUX,FR7,noeyy3uf,DEV,OK
GDE LINUX,FR7,noeyy427,DEV,OK
GDE LINUX,FR7,noeyy451,DEV,OK
GDE LINUX,FR7,noeyy482,DEV,OK
GDE LINUX,FR7,noeyy488,DEV,OK
GDE LINUX,FR7,noeyyp70,DEV,OK
GDE LINUX,FR7,noeyyp7v,DEV,OK
GDE LINUX,FR7,noeyyp9s,DEV,OK
GDE WINDOWS,FR9,noeyydsr,DEV,OK
GDE WINDOWS,FR9,noeyyp1g,DEV,OK
GED-PEI,GE014,dceyy0m6,RECETTE,OK
GED-PEI,GE014,dceyy0u2,RECETTE,OK
GED-PEI,GE014,dceyy0v4,PROD,OK
GED-PEI,GE014,dceyy0v5,PROD,OK
GED-PEI,GE014,dceyy2jj,RECETTE,OK
GED-PEI,GE014,dcgyy4bq,DEV,OK
GED-PEI,GE014,dcgyy4bs,DEV,OK
GED-PEI,GE014,dcgyy4bt,DEV,OK
GED-PEI,GE014,dcgyy68j,RECETTE,OK
GED-PEI,GE014,dcgyy68k,RECETTE,OK
GED-PEI,GE014,dcgyy68l,RECETTE,OK
GED-PEI,GE014,dcgyy68m,RECETTE,OK
GERICO,GE017,dceyy1rt,PROD,OK
GERICO,GE017,dceyy1ti,RECETTE,OK
GESMA,CFC,dceyy093,PROD,OK
GESMA,CFC,dceyy3h1,PROD,OK
GESMA,CFC,dceyy3h2,PROD,OK
GESMA,CFC,dceyy3u1,PREPROD,OK
GESMA,CFC,no2yy01n,PROD,OK
GESMA,CFC,no2yy01p,PROD,OK
GESMA,CFC,noeyyp5y,QUALIF,OK
GESMA,CFC,noeyyry6,PREPROD,OK
GESMA,CFC,pc2yy00u,PROD,OK
GESMA,CFC,pc2yy00v,PROD,OK
GESMA,CFC,pcyyyduj,QUALIF,OK
GESTION DES IDENTITES ET DES ACCES DU MARCHE D AFFAIRES,IC001,pcyfykf7,RECETTE,OK
GESTION DES IDENTITES ET DES ACCES DU MARCHE D AFFAIRES,IC001,pcyfykjp,PROD,OK
GESTION DES IDENTITES ET DES ACCES DU MARCHE D AFFAIRES,IC001,pcyfyknv,RECETTE,OK
GESTION DES IDENTITES ET DES ACCES DU MARCHE D AFFAIRES,IC001,pcyfyknz,PREPROD,OK
GESTION DES IDENTITES ET DES ACCES DU MARCHE D AFFAIRES,IC001,pcyfykp4,PROD,OK
GOLDEN GATE,PF001,no2fy84q,PROD,OK
GOLDEN GATE,PF001,no2fy84y,PROD,OK
GOLDEN GATE,PF001,pc2fy53w,BACKUP,OK
GOLDEN GATE,PF001,pc2fy53z,BACKUP,OK
GRBOOST,BOO,dceyy30s,DEV,OK
GRBOOST,BOO,dceyy30t,RECETTE,OK
GRBOOST,BOO,dceyy33l,RECETTE,OK
HABIL IT,EM001,noeyy4m3,PROD,OK
HABIL IT,EM001,noeyy4m4,PROD,OK
HABIL IT,EM001,pcyyyasd,BACKUP,OK
HABIL IT,EM001,pcyyyase,BACKUP,OK
HAPPYDAP,HDAP,dceyy3qn,PROD,OK
HYPSTER,VE001,noeyy8f1,PROD,OK
HYPSTER,VE001,pcyyyczs,BACKUP,OK
INCA (ACC),PL009,pcyyyas7,PROD,OK
INCA (ACC),CFC,pcyyycge,PROD,OK
INFOPROD SEI,PU001,noeyyryw,QUALIF,OK
INFOPROD SEI,VI003,pcyyyr4d,QUALIF,OK
INFOPROD SEI,IPR,pcyyyr4e,PROD,OK
INGEPILOT,INGEP,no2yy79y,PROD,OK
INGEPILOT,INGEP,no2yy79z,PROD,OK
INGEPILOT,INGEP,no2yy811,PROD,OK
INGEPILOT,INGEP,no2yy812,PROD,OK
INGEPILOT,INGEP,noeyyx2d,QUALIF,OK
INGEPILOT,INGEP,noeyyxgw,PROD,OK
INGEPILOT,INGEP,pcyyylad,QUALIF,OK
INGEPILOT,INGEP,pcyyylan,PROD,OK
INGEPILOT,INGEP,pcyyyx1y,DEV,KT
IRIS NRF,IRIS,dceyy3ae,RECETTE,OK
IRIS NRF,IRIS,dceyy3dz,PROD,OK
IRIS NRF,IRIS,pc2fy72q,QUALIF,OK
KABA,KA001,no2fy90h,PROD,OK
KANBOARD,KAN,no2fy70a,PROD,OK
KANBOARD,KAN,no2fy70b,PROD,OK
KANBOARD,KAN,no2fy70c,PREPROD,OK
KANBOARD,KAN,no2fy70d,PREPROD,OK
LABORATOIRE CESAP,SE046,pc2yy08y,QUALIF,OK
LABORATOIRE CESAP,SE046,pc2yy08z,QUALIF,OK
LABORATOIRE CESAP,SE046,pc2yy090,QUALIF,AT
LES ESSENTIELS,LE001,dcefy40x,PROD,OK
LES ESSENTIELS,LE001,dcefy40y,PROD,OK
LES ESSENTIELS,LE001,dcefy40z,PREPROD,OK
LES ESSENTIELS,LE001,dcefy410,PREPROD,OK
LES ESSENTIELS,LE001,dcgfy7fp,PREPROD,OK
LES ESSENTIELS,LE001,dcgfy7fw,PREPROD,OK
LES ESSENTIELS,LE001,dcgfy7fy,PROD,OK
LES ESSENTIELS,LE001,dcgfy7fz,PROD,OK
LOUSTIC,LO001,no2yy0r9,PREPROD,OK
LOUSTIC,LO001,pc2yy0kl,PROD,AT
MANDATHEQUE,SE004,dcgfy639,RECETTE,OK
MANDATHEQUE,SE004,dcgfy63a,RECETTE,OK
MANDATHEQUE,SE004,dcgfy63b,RECETTE,OK
MANDATHEQUE,SE004,no2yy1dl,PROD,OK
MANDATHEQUE,SE004,no2yy1dm,PROD,OK
MANDATHEQUE,SE004,no2yy1dn,PROD,OK
MANDATHEQUE,SE004,no2yy1dp,PROD,OK
MANDATHEQUE,SE004,no2yy1dr,PROD,OK
MANDATHEQUE,SE004,no2yy1ds,PROD,OK
MANDATHEQUE,SE004,no2yy1dt,PROD,OK
MANDATHEQUE,SE004,no2yy1du,PROD,OK
MANDATHEQUE,SE004,no2yy1dv,PROD,OK
MANDATHEQUE,SE004,no2yy1dw,PROD,OK
MANDATHEQUE,SE004,no2yy1dx,PROD,OK
MANDATHEQUE,SE004,no2yy1dy,PROD,OK
MANDATHEQUE,SE004,noefy3rp,PROD,OK
MANDATHEQUE,SE004,noefy3rr,PROD,OK
MANDATHEQUE,SE004,noefy3rs,PROD,OK
MANDATHEQUE,SE004,noefy3rt,PROD,OK
MANDATHEQUE,SE004,noefy4t0,RECETTE,OK
MANDATHEQUE,SE004,noefy5fe,PROD,OK
MANDATHEQUE,SE004,noefy8j2,PROD,OK
MANDATHEQUE,SE004,noefy8j3,PROD,OK
MANDATHEQUE,SE004,noefyfrm,PROD,OK
MANDATHEQUE,SE004,noefymsc,PROD,OK
MANDATHEQUE,SE004,noefymsd,PROD,OK
MANDATHEQUE,SE004,noefymse,PROD,OK
MANDATHEQUE,SE004,noefymsf,PROD,OK
MARKETING CLOUD,M7H,dceyy3pe,PREPROD,OK
MARKETING CLOUD,M7H,dceyy3y2,PROD,OK
MCC (MAIN COURANTE DE CRISE),MC001,dceyy2vv,PROD,OK
MES REPORTINGS RH,ODR,dceyy0rc,PROD,OK
MES REPORTINGS RH,ODR,dceyy10d,RECETTE,OK
MES REPORTINGS RH,ODR,dceyy2oc,QUALIF,OK
MES REPORTINGS RH,ODR,dceyy2od,RECETTE,OK
MES REPORTINGS RH,ODR,dceyy3ah,QUALIF,OK
MES REPORTINGS RH,ODR,dceyy3ai,DEV,OK
MES REPORTINGS RH,ODR,dceyy3aj,RECETTE,OK
MES REPORTINGS RH,ODR,dceyy3e3,PROD,OK
MES REPORTINGS RH,ODR,dcgyy2t2,PROD,OK
MES REPORTINGS RH,ODR,dcgyy6fu,QUALIF,OK
MES REPORTINGS RH,ODR,do1yy0i9,QUALIF,OK
MES REPORTINGS RH,ODR,noeyydzm,PROD,OK
MES REPORTINGS RH,ODR,pcyyydv9,RECETTE,OK
MES REPORTINGS RH,ODR,pcyyyenv,RECETTE,OK
MES REPORTINGS RH,ODR,pcyyygsp,RECETTE,OK
MINOTAURE,CS4,dceyy0dz,PROD,OK
MINOTAURE,CS4,dceyy0e4,PROD,OK
MINOTAURE,CS4,dceyy0e6,INTEG,OK
MINOTAURE,CS4,dceyy0e9,INTEG,OK
MONITORING TOOL FOR BUYERS,MTB,do0yydf0,PROD,OK
MOTEUR D INDUCTION,MRN,dceyy2y3,PROD,OK
MOTEUR DE RECHERCHE FINOT,MR2,no2fyt03,PROD,OK
MOTEUR DE RECHERCHE FINOT,MR2,no2fyt10,RECETTE,OK
MOTEUR DE RECHERCHE FINOT,MR2,no2fyu10,RECETTE,OK
MOTEUR DE RECHERCHE FINOT,MR2,pc2fy65h,PROD,KT
MYCLIENT_POP FACTU,EC003,no2yy0ky,PROD,OK
MYCLIENT_POP FACTU,EC003,no2yy0kz,PREPROD,OK
MYCLIENT_POP FACTU,EC003,pc2yy0c5,PROD,OK
MYCLIENT_POP FACTU,EC003,pc2yy0c7,RECETTE,OK
MYGPS,GP002,pcyyydni,DEV,OK
MYPGI,MYP,dcgfy0v2,PROD,OK
MYPGI,MYP,dcgfy2w5,PREPROD,PS
MYPGI,MYP,no2fyb45,PREPROD,OK
MYPGI,MYP,no2fyz45,PREPROD,OK
MYPGI,MYP,pc2fy079,PREPROD,PS
MYPGI,MYP,pc2fy868,DEV,OK
MYPGI,MYP,pc2fy869,DEV,OK
MYPGI,MYP,pc2fy899,PROD,OK
NASSO,IV003,noefy8tr,QUALIF,OK
NASSO,IV003,noefy8ts,QUALIF,OK
NASSO,IV003,noefy8tt,QUALIF,OK
NASSO,IV003,noefycj8,PROD,OK
NASSO,IV003,noefycj9,PROD,OK
NASSO,IV003,noefycja,PROD,OK
NASSO,IV003,pc2yy69v,RECETTE,OK
NASSO,IV003,pc2yy69w,RECETTE,OK
NASSO,IV003,pcyfy401,DEV,OK
NASSO,IV003,pcyfy904,RECETTE,OK
NASSO,IV003,pcyfy905,RECETTE,OK
NASSO,IV003,pcyfy906,RECETTE,OK
NASSO,IV003,pcyfyeln,RECETTE,OK
NASSO,IV003,pcyfyelp,RECETTE,OK
NASSO,IV003,pcyfyelr,RECETTE,OK
NASSO,IV003,pcyfyels,RECETTE,OK
NASSO,IV003,pcyfyelt,RECETTE,AT
NASSO,IV003,pcyfyelu,RECETTE,OK
NASSO,IV003,pcyfyert,RECETTE,OK
NASSO,IV003,pcyfyeru,RECETTE,OK
NASSO,IV003,pcyfyerv,RECETTE,OK
NASSO,IV003,pcyfyetb,RECETTE,OK
NASSO,IV003,pcyfyetc,RECETTE,OK
NASSO,IV003,pcyfyetd,RECETTE,OK
NASSO,IV003,pcyfyete,RECETTE,OK
NASSO,IV003,pcyfyetf,RECETTE,OK
NASSO,IV003,pcyfyetg,RECETTE,OK
NASSO,IV003,pcyfyetj,QUALIF,OK
NASSO,IV003,pcyfyetk,QUALIF,OK
NASSO,IV003,pcyfyetl,QUALIF,OK
NASSO,IV003,pcyfyezf,PROD,OK
NASSO,IV003,pcyfyezg,PROD,OK
NASSO,IV003,pcyfyezj,PROD,OK
NASSO,IV003,pcyfymfu,RECETTE,OK
NASSO,IV003,pcyfymfv,RECETTE,OK
NASSO,IV003,pcyfymfz,RECETTE,OK
NASSO,IV003,pcyfymme,RECETTE,OK
NASSO,IV003,pcyfymmf,RECETTE,OK
NASSO,IV003,pcyfymmg,RECETTE,OK
NAUTIL,NA003,dceyy1eq,RECETTE,OK
NAUTIL,NA003,dceyy1er,RECETTE,OK
NAUTIL,NA003,dceyy3ru,RECETTE,OK
NAUTIL,NA003,dcgyy7w2,RECETTE,OK
NAUTIL,NA003,no2fy43q,PROD,OK
NEDAP,DAP,noefyaxp,PROD,OK
NEW GOLD - SOFT,NGO,dceyy1m4,RECETTE,OK
NEW GOLD - SOFT,NGO,dceyy1m5,PROD,OK
NEWREC,NRC,noeyy8u7,PROD,OK
NEWREC,NRC,noeyyemf,INTEG,OK
NEWREC,NRC,noeyyemg,INTEG,OK
NEWREC,NRC,noeyyemj,PROD,OK
NEWREC,NRC,noeyyemk,PROD,OK
NEWREC,NRC,pcyyydo8,RECETTE,OK
NEWREC,NRC,pcyyydo9,RECETTE,OK
NEWREC,NRC,pcyyyerz,RECETTE,OK
NEWREC,NRC,pcyyyes0,RECETTE,OK
NEWREC,NRC,pcyyyetv,RECETTE,OK
NEWREC,NRC,pcyyyetz,RECETTE,OK
NEWREC,NRC,pcyyyeut,RECETTE,OK
NEWREC,NRC,pcyyyeuu,RECETTE,OK
NEWREC,NRC,pcyyykf0,INTEG,KT
NEWREC,NRC,pcyyykf1,PROD,OK
NEWREC,NRC,pcyyykf2,PROD,OK
NEWREC,NRC,pcyyyyzv,INTEG,OK
NEXUS ONE,NEX,no2fy717,PROD,OK
NEXUS ONE,NEX,no2fy718,PROD,OK
NEXUS ONE,NEX,noefybcj,PROD,OK
NEXUS ONE,NEX,noefybck,PROD,OK
NEXUS ONE,NEX,pcyfynfm,DEV,OK
NEXUS ONE,NEX,pcyfynfn,DEV,OK
NEXUS ONE,NEX,pcyfynfp,RECETTE,OK
NEXUS ONE,NEX,pcyfynfr,RECETTE,OK
NEXUS ONE,NEX,pcyfynk1,PREPROD,OK
NEXUS ONE,NEX,pcyfynl1,PREPROD,OK
NOUVEAU PORTAIL RACCORDEMENTS DE SEI,NP4,dcgyy2ik,RECETTE,OK
NOUVEAU PORTAIL RACCORDEMENTS DE SEI,NP4,dcgyy348,PROD,OK
NRIS - SECURITE APPLICATIVE COMMERCE,SUM,dceyy23o,RECETTE,OK
NRIS - SECURITE APPLICATIVE COMMERCE,SUM,noeyydv9,RECETTE,OK
NRIS - SECURITE APPLICATIVE COMMERCE,SUM,pc2yy51n,RECETTE,OK
NSIL,NSIL,no2fyt02,PREPROD,OK
NSIL,NSIL,pc2fy64x,RECETTE,OK
NSIL,NSIL,pc2fy72c,PROD,OK
ODICEE,ODI,do1fy09i,RECETTE,OK
ODICEE,ODI,do1fy09w,RECETTE,OK
ODICEE,ODI,do1fy0ps,PROD,OK
ODICEE,ODI,do1fy0pt,PREPROD,OK
ODICEE,ODI,do1fy0pu,PROD,OK
ODICEE,ODI,do1fy0q0,PREPROD,OK
ODICEE,ODI,no2fy04f,RECETTE,OK
ODICEE,ODI,no2fyd37,INTEG,OK
ODICEE,ODI,no2fye37,INTEG,OK
ODICEE,ODI,no2fyf37,INTEG,OK
ODICEE,ODI,pc2fy043,PROD,OK
ONE EDF,ON003,cieyy3xd,PROD,OK
ONECOCKPIT,5HM,no2yya45,PROD,OK
ONECOCKPIT,5HM,no2yyn57,RECETTE,OK
OUTILLAGE ISIM 2,OI2,clay47ib,INTEG,OK
OUTILLAGE ISIM 2,OI2,dcgyy47y,PROD,OK
OUTILLAGE ISIM 2,OI2,inctcentp01,INTEG,OK
OUTILLAGE ISIM 2,OI2,inctmbip01,INTEG,OK
OUTILLAGE ISIM 2,OI2,indcap01,INTEG,OK
OUTILLAGE ISIM 2,OI2,indwhbdp01,INTEG,OK
OUTILLAGE ISIM 2,OI2,inetlp01,INTEG,OK
OUTILLAGE ISIM 2,OI2,initopwsp01,INTEG,OK
OUTILLAGE ISIM 2,OI2,inoorsp01,INTEG,OK
OUTILLAGE ISIM 2,OI2,inrptp01,INTEG,OK
OUTILLAGE ISIM 2,OI2,intoolsp01,INTEG,OK
OUTILLAGE ISIM 2,OI2,intstlnxp02,INTEG,OK
OUTILLAGE ISIM 2,OI2,intstwinp04,INTEG,OK
OUTILLAGE ISIM 2,OI2,no2yy1fe,INTEG,OK
OUTILLAGE ISIM 2,OI2,no2yy38z,PROD,OK
OUTILLAGE ISIM 2,OI2,no2yyi06,PROD,OK
OUTILLAGE ISIM 2,OI2,no2yyj06,PROD,OK
OUTILLAGE ISIM 2,OI2,no2yyk06,PROD,OK
OUTILLAGE ISIM 2,OI2,no2yyl06,PROD,OK
OUTILLAGE ISIM 2,OI2,no2yym06,INTEG,OK
OUTILLAGE ISIM 2,OI2,no2yyn06,INTEG,OK
OUTILLAGE ISIM 2,OI2,no2yyo06,PROD,OK
OUTILLAGE ISIM 2,OI2,no2yyp06,PROD,OK
OUTILLAGE ISIM 2,OI2,no2yyq06,PROD,OK
OUTILLAGE ISIM 2,OI2,noefyahz,PROD,OK
OUTILLAGE ISIM 2,OI2,noefyamc,PROD,OK
OUTILLAGE ISIM 2,OI2,noeyya7d,PROD,OK
OUTILLAGE ISIM 2,G14,noeyydwu,PROD,OK
OUTILLAGE ISIM 2,OI2,pc2yy676,PROD,OK
OUTILLAGE ISIM 2,OI2,pc2yy677,PROD,OK
OUTILLAGE ISIM 2,OI2,pc2yy678,PROD,OK
OUTILLAGE ISIM 2,OI2,pc2yy679,PROD,OK
OUTILLAGE ISIM 2,OI2,pcyfymk4,PROD,OK
OUTILLAGE ISIM 2,OI2,pcyfymmc,PROD,OK
OUTILLAGE ISIM 2,OI2,pcyfymmd,PROD,OK
OUTILLAGE ISIM 2,OI2,pcyfymmj,INTEG,OK
OUTILLAGE ISIM 2,G14,pcyyydsu,PROD,OK
OUTILLAGE ISIM 2,OI2,pcyyymg0,PROD,OK
OUTILLAGE ISIM 2,G14,pcyyyml6,PROD,OK
OUTILLAGE ISIM 2,OI2,pcyyypr2,PROD,OK
OUTILLAGE ISIM 2,OI2,pcyyypr5,PROD,OK
OUTILLAGE ISIM 2,OI2,ppdcan01,PREPROD,OK
OUTILLAGE ISIM 2,OI2,pradmbdn01,PROD,OK
OUTILLAGE ISIM 2,OI2,pradmbdp02,PROD,OK
OUTILLAGE ISIM 2,OI2,prclubdn01,PROD,OK
OUTILLAGE ISIM 2,OI2,prclubdn02,PROD,OK
OUTILLAGE ISIM 2,OI2,prclubdp03,PROD,OK
OUTILLAGE ISIM 2,OI2,prclubdp04,PROD,OK
OUTILLAGE ISIM 2,OI2,prctcentn01,PROD,OK
OUTILLAGE ISIM 2,OI2,prctcentp02,PROD,OK
OUTILLAGE ISIM 2,OI2,prctmbip09,PROD,OK
OUTILLAGE ISIM 2,OI2,prctpolln01,PROD,OK
OUTILLAGE ISIM 2,OI2,prctpolln03,PROD,OK
OUTILLAGE ISIM 2,OI2,prctpolln05,PROD,OK
OUTILLAGE ISIM 2,OI2,prctpolln06,PROD,OK
OUTILLAGE ISIM 2,OI2,prctpolln10,PROD,OK
OUTILLAGE ISIM 2,OI2,prctpolln12,PROD,OK
OUTILLAGE ISIM 2,OI2,prctpolln14,PROD,OK
OUTILLAGE ISIM 2,OI2,prctpollp02,PROD,OK
OUTILLAGE ISIM 2,OI2,prctpollp04,PROD,OK
OUTILLAGE ISIM 2,OI2,prctpollp07,PROD,OK
OUTILLAGE ISIM 2,OI2,prctpollp08,PROD,OK
OUTILLAGE ISIM 2,OI2,prctpollp11,PROD,OK
OUTILLAGE ISIM 2,OI2,prctpollp13,PROD,OK
OUTILLAGE ISIM 2,OI2,prctpollp15,PROD,OK
OUTILLAGE ISIM 2,OI2,prdcan01,PROD,OK
OUTILLAGE ISIM 2,OI2,prdwhbdn01,PROD,OK
OUTILLAGE ISIM 2,OI2,prdwhbdp02,PROD,OK
OUTILLAGE ISIM 2,OI2,pretln01,PROD,OK
OUTILLAGE ISIM 2,OI2,pretlp02,PROD,OK
OUTILLAGE ISIM 2,OI2,pritopwsn01,PROD,OK
OUTILLAGE ISIM 2,OI2,pritopwsn02,PROD,OK
OUTILLAGE ISIM 2,OI2,pritopwsp03,PROD,OK
OUTILLAGE ISIM 2,OI2,prlbben01,PROD,OK
OUTILLAGE ISIM 2,OI2,prlbbep02,PROD,OK
OUTILLAGE ISIM 2,OI2,prmanwsn01,PROD,OK
OUTILLAGE ISIM 2,OI2,prmanwsp02,PROD,OK
OUTILLAGE ISIM 2,OI2,proorsbn03,PROD,OK
OUTILLAGE ISIM 2,OI2,proorsbp04,PROD,OK
OUTILLAGE ISIM 2,OI2,proorszp02,PROD,OK
OUTILLAGE ISIM 2,OI2,prrptn01,PROD,OK
OUTILLAGE ISIM 2,OI2,prrptp02,PROD,OK
OUTILLAGE ISIM 2,OI2,prsamsp01,PROD,OK
OUTILLAGE ISIM 2,OI2,prsastbn03,PROD,OK
OUTILLAGE ISIM 2,OI2,prsastbp04,PROD,OK
OUTILLAGE ISIM 2,OI2,prsastzn01,PROD,OK
OUTILLAGE ISIM 2,OI2,prsastzp02,PROD,OK
OUTILLAGE ISIM 2,OI2,prslkbrn01,PROD,OK
OUTILLAGE ISIM 2,OI2,prslkbrp02,PROD,OK
OUTILLAGE ISIM 2,OI2,prslkesn05,PROD,OK
OUTILLAGE ISIM 2,OI2,prslkesn06,PROD,OK
OUTILLAGE ISIM 2,OI2,prslkixn03,PROD,OK
OUTILLAGE ISIM 2,OI2,prslkixp04,PROD,OK
OUTILLAGE ISIM 2,OI2,prslkkin08,PROD,OK
OUTILLAGE ISIM 2,OI2,prsstn01,PROD,OK
OUTILLAGE ISIM 2,OI2,prsstp01,PROD,OK
OUTILLAGE ISIM 2,OI2,prstabn02,PROD,OK
OUTILLAGE ISIM 2,OI2,prstabp04,PROD,OK
OUTILLAGE ISIM 2,OI2,prstazn01,PROD,OK
OUTILLAGE ISIM 2,OI2,prstazp03,PROD,OK
OUTILLAGE ISIM 2,OI2,prstmn01,PROD,OK
OUTILLAGE ISIM 2,OI2,prstmp02,PROD,OK
OUTILLAGE ISIM 2,OI2,prtooln01,PROD,OK
OUTILLAGE ISIM 2,OI2,prvtomn01,PROD,OK
OUTILLAGE ISIM 2,OI2,prvtomp02,PROD,OK
PACOM,PKN,noefyba7,PROD,OK
PACOM,PKN,noefyba8,RECETTE,OK
PADA-ONE,PD1,dcgfy0va,PROD,OK
PADA-ONE,PD1,dcgfy0vb,PROD,OK
PADA-ONE,PD1,dcgfy0vc,PROD,OK
PADA-ONE,PD1,dcgfy0vd,PROD,OK
PADA-ONE,PD1,dcgfy0vj,PROD,OK
PADA-ONE,PD1,dcgfy0wf,PROD,OK
PADA-ONE,PD1,dcgfy0wg,PROD,OK
PADA-ONE,PD1,dcgfy0wj,PROD,OK
PADA-ONE,PD1,no2yyw44,PROD,OK
PADA-ONE,PD1,noefyfmd,PROD,OK
PARTAGE,PA001,no2fy115,PROD,OK
PASS SOLIDARITE,ASO,cieyy3en,RECETTE,OK
PASS SOLIDARITE,ASO,cieyy3eo,RECETTE,OK
PASS SOLIDARITE,ASO,cieyy3ep,RECETTE,OK
PASS SOLIDARITE,ASO,cieyy3eq,RECETTE,OK
PASS SOLIDARITE,ASO,cieyy3nd,INTEG,OK
PASS SOLIDARITE,ASO,cieyy3ne,INTEG,OK
PASS SOLIDARITE,ASO,cieyy3nf,INTEG,OK
PASS SOLIDARITE,ASO,cieyy3ng,INTEG,OK
PASS SOLIDARITE,ASO,cieyy3ni,PROD,OK
PASS SOLIDARITE,ASO,cieyy3nj,PROD,OK
PASS SOLIDARITE,ASO,cieyy3nl,PROD,OK
PASS SOLIDARITE,ASO,cieyy3nm,PROD,OK
PASS SOLIDARITE,ASO,dcefy028,RECETTE,OK
PASS SOLIDARITE,ASO,dcgfy7n7,PROD,OK
PASS SOLIDARITE,ASO,dcgfy7n8,PROD,OK
PASS SOLIDARITE,ASO,dcgfy7n9,PROD,OK
PASS SOLIDARITE,ASO,dcgfy7na,PROD,OK
PASS SOLIDARITE,ASO,dcgfy7nb,PROD,OK
PASS SOLIDARITE,ASO,dcgfy7nc,PROD,OK
PCC GENESYS,G14,dceyy1cr,INTEG,RE
PCC GENESYS,G14,dceyy1cs,INTEG,OK
PCC GENESYS,G14,dceyy1ct,INTEG,OK
PCC GENESYS,G14,dceyy1qd,PROD,OK
PCC GENESYS,G14,dceyy1qe,PROD,OK
PCC GENESYS,G14,dceyy1qf,PROD,OK
PCC GENESYS,G14,dceyy1qm,PROD,OK
PCC GENESYS,G14,dceyy1qt,PROD,OK
PCC GENESYS,G14,dceyy1rc,PROD,OK
PCC GENESYS,G14,dceyy2c5,INTEG,OK
PCC GENESYS,G14,dceyy2c6,INTEG,OK
PCC GENESYS,G14,dceyy2c7,INTEG,OK
PCC GENESYS,G14,dceyy2c8,INTEG,OK
PCC GENESYS,G14,dceyy2cc,PROD,OK
PCC GENESYS,G14,dceyy2cd,PROD,OK
PCC GENESYS,G14,no2yy025,PROD,OK
PCC GENESYS,G14,no2yy113,PROD,OK
PCC GENESYS,G14,no2yy448,PROD,OK
PCC GENESYS,G14,noeyydm2,PROD,OK
PCC GENESYS,G14,noeyydm4,PROD,OK
PCC GENESYS,G14,noeyydm5,PROD,OK
PCC GENESYS,G14,noeyydm6,PROD,OK
PCC GENESYS,G14,noeyyfps,INTEG,PS
PCC GENESYS,G14,noeyyfub,PROD,OK
PCC GENESYS,G14,noeyyfuc,PROD,OK
PCC GENESYS,G14,noeyyfud,PROD,OK
PCC GENESYS,G14,noeyyfue,PROD,OK
PCC GENESYS,G14,noeyyfuf,PROD,OK
PCC GENESYS,G14,noeyymkt,INTEG,AT
PCC GENESYS,G14,noeyymku,INTEG,OK
PCC GENESYS,G14,noeyymkv,PROD,OK
PCC GENESYS,G14,noeyymkz,PROD,OK
PCC GENESYS,G14,noeyyml0,PROD,OK
PCC GENESYS,G14,noeyyml1,INTEG,OK
PCC GENESYS,G14,noeyyml2,INTEG,PS
PCC GENESYS,G14,noeyyml3,PROD,OK
PCC GENESYS,G14,noeyyml4,PROD,OK
PCC GENESYS,G14,noeyyml5,PROD,OK
PCC GENESYS,G14,noeyyml6,PROD,OK
PCC GENESYS,G14,noeyyml7,PROD,OK
PCC GENESYS,G14,noeyyml8,PROD,OK
PCC GENESYS,G14,noeyyml9,PROD,OK
PCC GENESYS,G14,noeyymla,PROD,WN
PCC GENESYS,G14,noeyymlb,PROD,OK
PCC GENESYS,G14,noeyymuz,PROD,OK
PCC GENESYS,G14,noeyynfj,PROD,OK
PCC GENESYS,G14,noeyypg3,INTEG,OK
PCC GENESYS,G14,noeyypgc,INTEG,OK
PCC GENESYS,G14,noeyypgd,INTEG,OK
PCC GENESYS,G14,noeyypge,INTEG,OK
PCC GENESYS,G14,noeyypgh,INTEG,OK
PCC GENESYS,G14,noeyypgi,INTEG,OK
PCC GENESYS,G14,noeyypgj,INTEG,OK
PCC GENESYS,G14,noeyypgl,INTEG,OK
PCC GENESYS,G14,noeyypgm,INTEG,OK
PCC GENESYS,G14,noeyypgn,INTEG,OK
PCC GENESYS,G14,noeyypgp,INTEG,OK
PCC GENESYS,G14,noeyypgs,INTEG,OK
PCC GENESYS,G14,noeyypgt,INTEG,OK
PCC GENESYS,G14,noeyypgv,INTEG,OK
PCC GENESYS,G14,noeyypgy,INTEG,OK
PCC GENESYS,G14,noeyypgz,INTEG,OK
PCC GENESYS,G14,noeyyph3,INTEG,OK
PCC GENESYS,G14,noeyyph5,INTEG,OK
PCC GENESYS,G14,noeyypha,INTEG,OK
PCC GENESYS,G14,noeyyphi,PROD,OK
PCC GENESYS,G14,noeyyphj,PROD,OK
PCC GENESYS,G14,noeyyphl,PROD,OK
PCC GENESYS,G14,noeyypho,PROD,OK
PCC GENESYS,G14,noeyyphp,PROD,OK
PCC GENESYS,G14,noeyyphr,PROD,OK
PCC GENESYS,G14,noeyyphs,PROD,OK
PCC GENESYS,G14,noeyyphw,PROD,OK
PCC GENESYS,G14,noeyyphx,PROD,OK
PCC GENESYS,G14,noeyyphz,PROD,OK
PCC GENESYS,G14,noeyypi0,PROD,OK
PCC GENESYS,G14,noeyypi4,PROD,OK
PCC GENESYS,G14,noeyypi8,PROD,OK
PCC GENESYS,G14,noeyypla,PROD,OK
PCC GENESYS,G14,noeyypm3,INTEG,OK
PCC GENESYS,G14,noeyypm6,INTEG,OK
PCC GENESYS,G14,noeyypm7,INTEG,OK
PCC GENESYS,G14,noeyypm8,INTEG,OK
PCC GENESYS,G14,noeyypm9,INTEG,OK
PCC GENESYS,G14,noeyypma,INTEG,OK
PCC GENESYS,G14,noeyypmb,INTEG,OK
PCC GENESYS,G14,noeyypmc,INTEG,OK
PCC GENESYS,G14,noeyypmd,INTEG,OK
PCC GENESYS,G14,noeyypmf,INTEG,OK
PCC GENESYS,G14,noeyypmp,INTEG,OK
PCC GENESYS,G14,noeyyprj,PROD,OK
PCC GENESYS,G14,noeyyprk,PROD,OK
PCC GENESYS,G14,noeyyprl,PROD,OK
PCC GENESYS,G14,noeyyprm,PROD,OK
PCC GENESYS,G14,noeyyprn,PROD,OK
PCC GENESYS,G14,noeyypro,PROD,OK
PCC GENESYS,G14,noeyyprp,PROD,OK
PCC GENESYS,G14,noeyyprq,PROD,OK
PCC GENESYS,G14,noeyyprr,PROD,OK
PCC GENESYS,G14,noeyyprs,PROD,OK
PCC GENESYS,G14,noeyyprt,PROD,OK
PCC GENESYS,G14,noeyypru,PROD,OK
PCC GENESYS,G14,pc2yy018,PROD,OK
PCC GENESYS,G14,pcyyydjq,PROD,OK
PCC GENESYS,G14,pcyyydjr,PROD,OK
PCC GENESYS,G14,pcyyydjs,PROD,OK
PCC GENESYS,G14,pcyyydjt,PROD,OK
PCC GENESYS,G14,pcyyyktk,INTEG,OK
PCC GENESYS,G14,pcyyyku6,INTEG,KT
PCC GENESYS,G14,pcyyyku7,PROD,OK
PCC GENESYS,G14,pcyyyku8,PROD,OK
PCC GENESYS,G14,pcyyyku9,PROD,OK
PCC GENESYS,G14,pcyyykua,INTEG,OK
PCC GENESYS,G14,pcyyykub,PROD,OK
PCC GENESYS,G14,pcyyykuc,PROD,OK
PCC GENESYS,G14,pcyyykud,PROD,OK
PCC GENESYS,G14,pcyyykue,PROD,OK
PCC GENESYS,G14,pcyyykuf,PROD,OK
PCC GENESYS,G14,pcyyykug,PROD,OK
PCC GENESYS,G14,pcyyykuj,PROD,OK
PCC GENESYS,G14,pcyyykuk,PROD,OK
PCC GENESYS,G14,pcyyykul,PROD,OK
PCC GENESYS,G14,pcyyylud,PROD,OK
PCC GENESYS,G14,pcyyypcy,INTEG,OK
PCC GENESYS,G14,pcyyypd2,INTEG,AT
PCC GENESYS,G14,pcyyypd3,INTEG,OK
PCC GENESYS,G14,pcyyypd6,INTEG,OK
PCC GENESYS,G14,pcyyypd8,INTEG,OK
PCC GENESYS,G14,pcyyypd9,INTEG,OK
PCC GENESYS,G14,pcyyypdb,INTEG,OK
PCC GENESYS,G14,pcyyypdc,INTEG,OK
PCC GENESYS,G14,pcyyypdd,INTEG,OK
PCC GENESYS,G14,pcyyypde,INTEG,OK
PCC GENESYS,G14,pcyyypdf,INTEG,OK
PCC GENESYS,G14,pcyyypdk,INTEG,OK
PCC GENESYS,G14,pcyyypdn,PROD,OK
PCC GENESYS,G14,pcyyypdo,PROD,OK
PCC GENESYS,G14,pcyyypdp,PROD,OK
PCC GENESYS,G14,pcyyypdq,PROD,OK
PCC GENESYS,G14,pcyyypds,PROD,OK
PCC GENESYS,G14,pcyyypdt,PROD,OK
PCC GENESYS,G14,pcyyypdw,PROD,OK
PCC GENESYS,G14,pcyyypdx,PROD,OK
PCC GENESYS,G14,pcyyype1,PROD,OK
PCC GENESYS,G14,pcyyype2,PROD,OK
PCC GENESYS,G14,pcyyype3,PROD,OK
PCC GENESYS,G14,pcyyype4,PROD,OK
PCC GENESYS,G14,pcyyype6,PROD,OK
PCC GENESYS,G14,pcyyype7,PROD,OK
PCC GENESYS,G14,pcyyyped,INTEG,OK
PCC GENESYS,G14,pcyyypf5,PROD,OK
PCC GENESYS,G14,pcyyypfd,INTEG,OK
PCM- PILOTAGE DU CONTRACT MANAGEMENT,J8Y,dceyy2oy,PROD,OK
PCM- PILOTAGE DU CONTRACT MANAGEMENT,J8Y,no2yy15r,PROD,OK
PCM- PILOTAGE DU CONTRACT MANAGEMENT,J8Y,no2yy15s,PROD,OK
PCM- PILOTAGE DU CONTRACT MANAGEMENT,J8Y,no2yyi41,PROD,OK
PCM- PILOTAGE DU CONTRACT MANAGEMENT,J8Y,noefybjy,PROD,OK
PCM- PILOTAGE DU CONTRACT MANAGEMENT,J8Y,noefybjz,PROD,OK
PCU (SPID),PCU,dceyy3a9,PROD,OK
PEPITE (EX SUMAC),SU005,dcgyy7bk,RECETTE,OK
PEPITE (EX SUMAC),SU005,noeyyl18,PREPROD,OK
PEPITE (EX SUMAC),SU005,pcyyyas2,PROD,OK
PEPITE (EX SUMAC),SU005,pcyyyxn1,PROD,OK
PGI,PGI,dcgfy42u,PROD,OK
PGI,PGI,no2yy1fp,PREPROD,OK
PGI,PGI,noeyyl1n,PREPROD,OK
PGI,PGI,noeyyl5z,PREPROD,OK
PGI,PGI,noeyylh9,PREPROD,EC
PGI,PGI,noeyylhj,PREPROD,OK
PGI,PGI,noeyyxl8,PREPROD,OK
PGI,PGI,noeyyxn7,PREPROD,OK
PGI,PGI,noeyyxu7,DEV,PS
PGI,PGI,pc2yy0jh,PROD,OK
PGI,PGI,pc2yy0km,PROD,OK
PGI,PGI,pc2yy0le,PROD,OK
PGI,PGI,pc2yy0rb,PROD,OK
PGI,PGI,pc2yy0vj,PROD,OK
PGI,PGI,pc2yy84z,PROD,OK
PGI,PGI,pcyy811p6,QUALIF,PS
PGI,PGI,pcyy915p6,PROD,OK
PGI,PGI,pcyy920p6,PROD,OK
PGI,PGI,pcyya14p6,QUALIF,PS
PGI,PGI,pcyyq21p6,DEV,PS
PGI,PGI,pcyyydov,QUALIF,PS
PGI,PGI,pcyyydow,QUALIF,PS
PGI,PGI,pcyyyevr,PROD,OK
PGI,PGI,pcyyyevt,PROD,OK
PGI,PGI,pcyyyevu,PROD,OK
PGI,PGI,pcyyyevv,PROD,OK
PGI,PGI,pcyyyez0,PROD,OK
PGI,PGI,pcyyyez1,PROD,OK
PGI,PGI,pcyyyez2,PROD,OK
PGI,PGI,pcyyyez3,PROD,OK
PGI,PGI,pcyyyez4,PROD,OK
PGI,PGI,pcyyyez5,PROD,OK
PGI,PGI,pcyyyez6,PROD,OK
PGI,PGI,pcyyyez7,PROD,OK
PGI,PGI,pcyyyez8,PROD,OK
PGI,PGI,pcyyyez9,PROD,OK
PGI,PGI,pcyyyeza,PROD,OK
PGI,PGI,pcyyyl8x,DEV,OK
PGI,PGI,pcyyyl9f,QUALIF,PS
PGI,PGI,pcyyyl9g,INTEG,OK
PGI,PGI,pcyyyl9h,INTEG,OK
PGI,PGI,pcyyyl9j,DEV,OK
PGI,PGI,pcyyyl9v,PROD,OK
PGI,PGI,pcyyyl9x,QUALIF,OK
PGI,PGI,pcyyyla3,INTEG,OK
PGI,PGI,pcyyyla6,QUALIF,OK
PGI,PGI,pcyyyla7,DEV,OK
PGI,PGI,pcyyyla9,PROD,OK
PGI,PGI,pcyyylal,QUALIF,PS
PGI,PGI,pcyyylay,PROD,OK
PGI,PGI,pcyyylaz,PROD,OK
PGI,PGI,pcyyylbn,PROD,KT
PGI,PGI,pcyyylcd,QUALIF,OK
PGI,PGI,pcyyylcm,INTEG,OK
PGI,PGI,pcyyyldv,INTEG,OK
PGI,PGI,pcyyymgu,QUALIF,OK
PGI,PGI,pcyyyxe6,DEV,OK
PGI,PGI,pcyyyxea,DEV,PS
PGI,PGI,pcyyyxf2,INTEG,PS
PGI,PGI,pcyyyxhh,INTEG,OK
PGI,PGI,pcyyyxj3,PROD,OK
PGI,PGI,pcyyyxj5,QUALIF,PS
PGI INTRANET,PG001,dceyy3b1,DEV,OK
PGI INTRANET,PG001,dceyy3b2,QUALIF,OK
PGI INTRANET,PG001,dceyy3b3,INTEG,OK
PGI INTRANET,PG001,dceyy3ce,PROD,OK
PGI INTRANET,PG001,dceyy3cf,PROD,OK
PGI INTRANET,PG001,dceyy3cj,PROD,OK
PGI INTRANET,PG001,pc2fy71s,PROD,OK
PICTO,PL7,dceyy2tl,PROD,OK
PILAF,PI007,no2fy987,PROD,OK
PLATEFORME DE SERVICES COMMERCE,PL015,dceyy1xp,RECETTE,OK
PLATEFORME DE SERVICES COMMERCE,PL015,dceyy1xq,RECETTE,OK
PLATEFORME DE SERVICES COMMERCE,PL015,dceyy1ze,RECETTE,OK
PLATEFORME DE SERVICES COMMERCE,PL015,dceyy1zf,RECETTE,OK
PLATEFORME DE SERVICES COMMERCE,PL015,dceyy217,RECETTE,OK
PLATEFORME DE SERVICES COMMERCE,PL015,dceyy218,RECETTE,OK
PLATEFORME DE SERVICES COMMERCE,PL015,dceyy21i,RECETTE,OK
PLATEFORME DE SERVICES COMMERCE,PL015,dceyy21l,RECETTE,OK
PLATEFORME DE SERVICES COMMERCE,PL015,dceyy21m,RECETTE,OK
PLATEFORME DE SERVICES COMMERCE,PL015,dceyy21n,RECETTE,OK
PLATEFORME DE SERVICES COMMERCE,PL015,dceyy21o,RECETTE,OK
PLATEFORME DE SERVICES COMMERCE,PL015,dceyy2nr,RECETTE,OK
PLATEFORME DE SERVICES COMMERCE,PL015,dcgfy749,PREPROD,OK
PLATEFORME DE SERVICES COMMERCE,PL015,no2fy13a,PROD,OK
PLATEFORME DE SERVICES COMMERCE,PL015,no2fy71e,RECETTE,OK
PLATEFORME DE SERVICES COMMERCE,PL015,no2fy71f,RECETTE,OK
PLATEFORME DE SERVICES COMMERCE,PL015,no2fy71g,RECETTE,OK
PLATEFORME DE SERVICES COMMERCE,PL015,no2fy77s,RECETTE,OK
PLATEFORME DE SERVICES COMMERCE,PL015,no2fy77t,RECETTE,OK
PLATEFORME DE SERVICES COMMERCE,PL015,no2fy78l,PROD,OK
PLATEFORME DE SERVICES COMMERCE,PL015,no2fy78m,PROD,OK
PLATEFORME DE SERVICES COMMERCE,PL015,no2fy78n,PROD,OK
PLATEFORME DE SERVICES COMMERCE,PL015,no2fy78q,PROD,OK
PLATEFORME DE SERVICES COMMERCE,PL015,no2fy78r,PROD,OK
PLATEFORME DE SERVICES COMMERCE,PL015,no2fy78s,PROD,OK
PLATEFORME DE SERVICES COMMERCE,PL015,no2fy78t,PROD,OK
PLATEFORME DE SERVICES COMMERCE,PL015,no2fy78u,PROD,OK
PLATEFORME DE SERVICES COMMERCE,PL015,no2fy78v,PROD,OK
PLATEFORME DE SERVICES COMMERCE,PL015,no2yy138,PROD,OK
PLATEFORME DE SERVICES COMMERCE,PL015,pc2fy0lk,PROD,OK
PLATEFORME DE SERVICES COMMERCE,PL015,pc2fy45c,RECETTE,OK
PLATEFORME DE SERVICES COMMERCE,PL015,pc2fy45d,RECETTE,OK
PLATEFORME DE SERVICES COMMERCE,PL015,pc2fy45z,RECETTE,OK
PLATEFORME DE SERVICES COMMERCE,PL015,pc2fy462,RECETTE,OK
PLATEFORME DE SERVICES COMMERCE,PL015,pc2fy46p,RECETTE,OK
PLATEFORME DE SERVICES COMMERCE,PL015,pc2fy49s,RECETTE,OK
PLATEFORME DE SERVICES COMMERCE,PL015,pc2fy49w,PREPROD,OK
PLATEFORME DE SERVICES COMMERCE,PL015,pc2fy501,RECETTE,OK
PLATEFORME DE SERVICES COMMERCE,PL015,pc2fy50j,PROD,OK
PLATEFORME DE SERVICES COMMERCE,PL015,pc2fy50k,PROD,OK
PLATEFORME DE SERVICES COMMERCE,PL015,pc2fy50l,PROD,OK
PLATEFORME DE SERVICES COMMERCE,PL015,pc2fy50m,PROD,OK
PLATEFORME DE SERVICES COMMERCE,PL015,pc2fy50n,PROD,OK
PLATEFORME DE SERVICES COMMERCE,PL015,pc2fy50p,PROD,OK
PLATEFORME DE SERVICES COMMERCE,PL015,pc2fy50q,PROD,OK
PLATEFORME DE SERVICES COMMERCE,PL015,pc2fy50r,PROD,OK
PLATEFORME DE SERVICES COMMERCE,PL015,pc2fy50s,PROD,OK
PLATEFORME DE SERVICES COMMERCE,PL015,pc2yy0ll,PROD,OK
PLATEFORME LOWCODE,LOW,no2fy161,PROD,OK
PLATEFORME LOWCODE,LOW,no2fy163,QUALIF,RE
PLATEFORME LOWCODE,LOW,no2fy166,QUALIF,OK
PLATEFORME LOWCODE,LOW,no2fy167,PROD,OK
PLATEFORME LOWCODE,LOW,no2fy169,PROD,OK
PLATEFORME LOWCODE,LOW,no2fy16d,PROD,OK
PLATEFORME MUTUALISEE SHAREPOINT - MSBI,K13,dceyy3d5,PROD,OK
PLATEFORME MUTUALISEE SHAREPOINT - MSBI,K13,dceyy3d6,PROD,OK
PLATEFORME MUTUALISEE SHAREPOINT - MSBI,K13,dceyy3d7,PROD,OK
PLATEFORME MUTUALISEE SHAREPOINT - MSBI,K13,dceyy3d8,PROD,OK
PLATEFORME MUTUALISEE SHAREPOINT - MSBI,K13,dceyy3d9,PROD,OK
PLATEFORME MUTUALISEE SHAREPOINT - MSBI,K13,dceyy3da,PROD,OK
PLATEFORME MUTUALISEE SHAREPOINT - MSBI,K13,dceyy3db,PROD,KT
PLATEFORME MUTUALISEE SHAREPOINT - MSBI,K13,dceyy3dg,INTEG,OK
PLATEFORME MUTUALISEE SHAREPOINT - MSBI,K13,dceyy3dh,INTEG,OK
PLATEFORME MUTUALISEE SHAREPOINT - MSBI,K13,dceyy3di,INTEG,OK
PLATEFORME MUTUALISEE SHAREPOINT - MSBI,K13,dceyy3dj,INTEG,OK
PLATEFORME MUTUALISEE SHAREPOINT - MSBI,K13,dceyy3dk,INTEG,OK
PLATEFORME MUTUALISEE SHAREPOINT - MSBI,K13,dceyy3dl,INTEG,OK
PLATEFORME MUTUALISEE SHAREPOINT - MSBI,K13,dceyy3dm,INTEG,OK
PLATEFORME MUTUALISEE SHAREPOINT - MSBI,K13,dceyy3dn,INTEG,KT
PLATEFORME MUTUALISEE SHAREPOINT - MSBI,K13,dceyy3do,INTEG,OK
PLATEFORME MUTUALISEE SHAREPOINT - MSBI,K13,dceyy3dp,INTEG,OK
PLATEFORME MUTUALISEE SHAREPOINT - MSBI,K13,dceyy3dq,INTEG,OK
PLATEFORME MUTUALISEE SHAREPOINT - MSBI,K13,dceyy3dr,INTEG,PF
PLATEFORME MUTUALISEE SHAREPOINT - MSBI,K13,dceyy3ds,INTEG,OK
PLATEFORME MUTUALISEE SHAREPOINT - MSBI,K13,dceyy3dt,INTEG,OK
PLATEFORME MUTUALISEE SHAREPOINT - MSBI,K13,dceyy3du,INTEG,AD
PLATEFORME MUTUALISEE SHAREPOINT - MSBI,K13,dceyy3dv,INTEG,AD
PLATEFORME MUTUALISEE SHAREPOINT - MSBI,K13,dceyy3dw,INTEG,OK
PLATEFORME MUTUALISEE SHAREPOINT - MSBI,K13,no2fyq12,PROD,OK
PLATEFORME MUTUALISEE SHAREPOINT - MSBI,K13,no2fyr12,PROD,OK
PLATEFORME MUTUALISEE SHAREPOINT - MSBI,K13,no2fys12,PROD,OK
PLATEFORME MUTUALISEE SHAREPOINT - MSBI,K13,pc2fy71v,PROD,OK
PLATEFORME MUTUALISEE SHAREPOINT APPLICATIVE EXTERNE,PTX,noefybkg,INTEG,OK
PLATEFORME MUTUALISEE SHAREPOINT APPLICATIVE EXTERNE,PTX,noefybkh,INTEG,OK
PLATEFORME MUTUALISEE SHAREPOINT APPLICATIVE EXTERNE,PTX,noefybkj,INTEG,OK
PLATEFORME MUTUALISEE SHAREPOINT APPLICATIVE EXTERNE,PTX,noefybkk,INTEG,OK
PLATEFORME MUTUALISEE SHAREPOINT APPLICATIVE EXTERNE,PTX,noefybkl,INTEG,OK
PLATEFORME MUTUALISEE SHAREPOINT APPLICATIVE EXTERNE,PTX,noefybkn,INTEG,OK
PLATEFORME MUTUALISEE SHAREPOINT APPLICATIVE EXTERNE,PTX,noefybly,PROD,OK
PLATEFORME MUTUALISEE SHAREPOINT APPLICATIVE EXTERNE,PTX,noefyblz,PROD,OK
PLATEFORME MUTUALISEE SHAREPOINT APPLICATIVE EXTERNE,PTX,noefybm0,INTEG,OK
PLATEFORME MUTUALISEE SHAREPOINT APPLICATIVE EXTERNE,PTX,noefybm1,PROD,OK
PLATEFORME MUTUALISEE SHAREPOINT APPLICATIVE EXTERNE,PTX,noefybm2,INTEG,OK
PLATEFORME MUTUALISEE SHAREPOINT APPLICATIVE EXTERNE,PTX,noefybm3,INTEG,OK
PLATEFORME MUTUALISEE SHAREPOINT APPLICATIVE EXTERNE,PTX,noefybm4,INTEG,OK
PLATEFORME MUTUALISEE SHAREPOINT APPLICATIVE EXTERNE,PTX,noefybm5,PROD,EC
PLATEFORME MUTUALISEE SHAREPOINT APPLICATIVE EXTERNE,PTX,noefybm6,PROD,OK
PLATEFORME MUTUALISEE SHAREPOINT APPLICATIVE EXTERNE,PTX,noefybm7,INTEG,OK
PLATEFORME MUTUALISEE SHAREPOINT APPLICATIVE EXTERNE,PTX,noefybm8,PROD,OK
PLATEFORME MUTUALISEE SHAREPOINT APPLICATIVE EXTERNE,PTX,noefybm9,PROD,OK
PLATEFORME MUTUALISEE SHAREPOINT APPLICATIVE EXTERNE,PTX,noefybma,PROD,OK
PLATEFORME MUTUALISEE SHAREPOINT APPLICATIVE EXTERNE,PTX,noefybmb,PROD,OK
PLATEFORME MUTUALISEE SHAREPOINT APPLICATIVE EXTERNE,PTX,noefybmc,PROD,OK
PLATEFORME MUTUALISEE SHAREPOINT APPLICATIVE EXTERNE,PTX,noefybmd,PROD,OK
PLATEFORME MUTUALISEE SHAREPOINT APPLICATIVE EXTERNE,PTX,noefybmk,PROD,OK
PLATEFORME MUTUALISEE SHAREPOINT APPLICATIVE EXTERNE,PTX,noefybml,PROD,OK
PLATEFORME MUTUALISEE SHAREPOINT APPLICATIVE EXTERNE,PTX,noefybmv,INTEG,OK
PLATEFORME MUTUALISEE SHAREPOINT APPLICATIVE EXTERNE,PTX,noefybmw,INTEG,OK
PLATEFORME MUTUALISEE SHAREPOINT APPLICATIVE EXTERNE,PTX,noefybn1,INTEG,OK
PLATEFORME MUTUALISEE SHAREPOINT APPLICATIVE EXTERNE,PTX,noefybn3,INTEG,OK
PLATEFORME MUTUALISEE SHAREPOINT APPLICATIVE EXTERNE,PTX,noefybn4,INTEG,OK
PLATEFORME MUTUALISEE SHAREPOINT APPLICATIVE EXTERNE,PTX,noefybn5,INTEG,OK
PLATEFORME MUTUALISEE SHAREPOINT APPLICATIVE EXTERNE,PTX,noefybn6,INTEG,OK
PLATEFORME MUTUALISEE SHAREPOINT APPLICATIVE EXTERNE,PTX,noefybn7,INTEG,OK
PLATEFORME MUTUALISEE SHAREPOINT APPLICATIVE EXTERNE,PTX,noefybn8,INTEG,OK
PLATEFORME MUTUALISEE SHAREPOINT APPLICATIVE EXTERNE,PTX,noefybn9,INTEG,OK
PLATEFORME MUTUALISEE SHAREPOINT APPLICATIVE EXTERNE,PTX,noefybp5,PROD,OK
PLATEFORME MUTUALISEE SHAREPOINT APPLICATIVE EXTERNE,PTX,noefybq0,PROD,OK
PLATEFORME MUTUALISEE SHAREPOINT INTERNE,901,dceyy2fm,RECETTE,OK
PLATEFORME MUTUALISEE SHAREPOINT INTERNE,901,dceyy2fn,RECETTE,OK
PLATEFORME MUTUALISEE SHAREPOINT INTERNE,901,dceyy2fo,PROD,OK
PLATEFORME MUTUALISEE SHAREPOINT INTERNE,901,dceyy2fp,RECETTE,OK
PLATEFORME MUTUALISEE SHAREPOINT INTERNE,901,dceyy2fr,RECETTE,OK
PLATEFORME MUTUALISEE SHAREPOINT INTERNE,901,dceyy2fs,RECETTE,OK
PLATEFORME MUTUALISEE SHAREPOINT INTERNE,901,dceyy2fu,RECETTE,AD
PLATEFORME MUTUALISEE SHAREPOINT INTERNE,901,dceyy2fv,RECETTE,OK
PLATEFORME MUTUALISEE SHAREPOINT INTERNE,901,dceyy2fw,RECETTE,OK
PLATEFORME MUTUALISEE SHAREPOINT INTERNE,901,dceyy2fx,RECETTE,OK
PLATEFORME MUTUALISEE SHAREPOINT INTERNE,901,dceyy2fy,PROD,OK
PLATEFORME MUTUALISEE SHAREPOINT INTERNE,901,dceyy2fz,RECETTE,OK
PLATEFORME MUTUALISEE SHAREPOINT INTERNE,901,dceyy2g0,RECETTE,OK
PLATEFORME MUTUALISEE SHAREPOINT INTERNE,901,dceyy2g1,PROD,OK
PLATEFORME MUTUALISEE SHAREPOINT INTERNE,901,dceyy2g2,RECETTE,AD
PLATEFORME MUTUALISEE SHAREPOINT INTERNE,901,dceyy2g4,RECETTE,OK
PLATEFORME MUTUALISEE SHAREPOINT INTERNE,901,dceyy2g5,RECETTE,OK
PLATEFORME MUTUALISEE SHAREPOINT INTERNE,901,dceyy2g6,PROD,OK
PLATEFORME MUTUALISEE SHAREPOINT INTERNE,901,dceyy2g7,PROD,OK
PLATEFORME MUTUALISEE SHAREPOINT INTERNE,901,dceyy2g8,PROD,OK
PLATEFORME MUTUALISEE SHAREPOINT INTERNE,901,dceyy2g9,PROD,OK
PLATEFORME MUTUALISEE SHAREPOINT INTERNE,901,dceyy2ga,PROD,OK
PLATEFORME MUTUALISEE SHAREPOINT INTERNE,901,dceyy2gb,PROD,OK
PLATEFORME MUTUALISEE SHAREPOINT INTERNE,901,dceyy2gp,PROD,OK
PLATEFORME MUTUALISEE SHAREPOINT INTERNE,901,no2fy839,RECETTE,OK
PLATEFORME MUTUALISEE SHAREPOINT INTERNE,901,no2fy83a,PROD,OK
PLATEFORME MUTUALISEE SHAREPOINT INTERNE,901,no2fy83b,PROD,OK
PLATEFORME SUPERVISION GDE,8N9,no2fy89v,PROD,OK
PLATEFORME SUPERVISION GDE,8N9,no2fy89w,PROD,OK
PLATEFORME SUPERVISION GDE,8N9,no2fy904,INTEG,OK
PLATEFORME SUPERVISION GDE,8N9,no2fy907,INTEG,OK
PLEASE,PL008,dceyy1r6,RECETTE,OK
PLEASE,PL008,no2yy77z,PROD,OK
PLEASE,PL008,noefy7gn,PROD,OK
PLEASE,PL008,pcyfycr2,RECETTE,OK
PLEASE,PL008,pcyfykme,PREPROD,OK
PLEASE,PL008,pcyyydhu,PREPROD,OK
PLEASE,PL008,pcyyyp3i,RECETTE,OK
PLEIADE,4QM,pc2yy00b,PROD,OK
PMAT,PMI,dcgfy614,PROD,OK
PMAT,PMI,dcgfy615,PROD,OK
PMAT,PMI,dcgfy61i,PROD,OK
PMAT,PMI,dcgfy61j,PROD,OK
PO,PI003,no2fyc54,PROD,OK
PO,PI003,no2fyd54,PREPROD,OK
PO,PI003,noefybcl,PREPROD,WN
PO,PI003,noefybcm,PROD,OK
PO,PI003,pc2fy89a,PREPROD,OK
PO,PI003,pc2fy89b,PROD,OK
PO,PI003,pc2fy89c,INTEG,OK
PO,PI003,pcyfymzf,DEV,OK
PO,PI003,pcyfymzg,INTEG,OK
PO,PI003,pcyfynjk,PROD,OK
PO,PI003,pcyfynjm,PREPROD,OK
PORTAIL 3E,PO003,cieyy1sv,PREPROD,OK
PORTAIL 3E,PO003,cieyy1sw,PROD,OK
PORTAIL 3E,PO003,no2fy10h,PREPROD,AT
PORTAIL 3E,PO003,no2fy10j,PREPROD,AT
PORTAIL 3E,PO003,pc2fy0jz,PROD,AT
PORTAIL 3E,PO003,pc2fy0k0,PROD,AT
PORTAIL SEI-PP,PO009,pcyfycn7,PROD,OK
PORTAIL SEI-PP,PO009,pcyfycn8,PROD,OK
PORTAIL SEI-PP,PO009,pcyfycn9,PROD,OK
PROCESS MINING,PMG,dceyy0ih,PROD,OK
PROCESS MINING,PMG,dceyy0ii,PROD,OK
PROCESS MINING,PMG,noeyyda7,QUALIF,OK
PUBLICATIONS REGLEMENTAIRES CRISES ET EXTRACTIONS,RNB,dcgyy7ya,PROD,OK
PULCO DPD,PUL,pcyyylc6,PROD,OK
PULCO DPD,PUL,pcyyyxum,PREPROD,OK
PULCO RH,PR006,dceyy348,DEV,OK
PULCO RH,PR006,dceyy349,DEV,OK
PULCO RH,PR006,pc2yy0fz,RECETTE,RE
PULCO RH,PR006,pc2yy0g0,RECETTE,OK
PULCO RH,PR006,pc2yy0g5,INTEG,RE
PULCO RH,PR006,pc2yy0g6,INTEG,KT
PULCO RH,PR006,pc2yy0g7,INTEG,OK
PULCO RH,PR006,pcyyycst,DEV,OK
PULCO RH,PR006,pcyyycvn,INTEG,PS
PULCO RH,PR006,pcyyycvp,INTEG,PS
PULCO RH,PR006,pcyyycvr,RECETTE,PS
PULCO RH,PR006,pcyyycvs,RECETTE,PS
PULCO RH,PR006,pcyyycvt,RECETTE,PS
PULCO RH,PR006,pcyyycvu,INTEG,PS
PULCO RH,PR006,pcyyyej3,PROD,PS
PULCO RH,PR006,pcyyyej4,PROD,PS
PULCO RH,PR006,pcyyyej5,PROD,PS
PULCO RH,PR006,pcyyyl82,RECETTE,OK
PULCO RH,PR006,pcyyyl84,INTEG,PS
PULCO RH,PR006,pcyyyl95,PROD,OK
PULCO RH,PR006,pcyyyl9e,RECETTE,OK
PULCO RH,PR006,pcyyyldw,INTEG,OK
PULCO RH,PR006,pcyyyln5,DEV,OK
PUSH,PU001,no2fy99f,QUALIF,KT
PUSH,PU001,no2fy99g,RECETTE,OK
RCT,RCT,pcyyydw4,PROD,PS
RECOU,Q17,no2yy0m7,PREPROD,OK
RECOU,Q17,no2yy0m8,PROD,OK
RECOU,Q17,pc2yy0d9,PROD,OK
RECOU,Q17,pc2yy0da,RECETTE,AT
RELPRODOA,RE010,dcgfy2jr,RECETTE,KT
RELPRODOA,RE010,no2fya37,PROD,OK
RELPRODOA,RE010,no2fyh32,PREPROD,OK
RELPRODOA,RE010,no2fyl54,RECETTE,OK
RELPRODOA,RE010,no2fyz36,PROD,OK
RELPRODOA,RE010,pc2fy849,BACKUP,OK
RELPRODOA,RE010,pc2fy84a,BACKUP,OK
SAP GRC ACCESS CONTROL,SA006,pc2fy595,PROD,OK
SAP ROUTEUR SUPPORT,SDV,pc2yy094,PROD,OK
SAP ROUTEUR SUPPORT,SDV,pcyfyatu,PROD,OK
SATURNE,SA005,dceyy2w5,QUALIF,OK
SATURNE,SA005,dceyy2w7,QUALIF,OK
SATURNE MOBILE,SA004,dcgyy1a6,QUALIF,OK
SATURNE MOBILE,SA004,dcgyy1a7,QUALIF,OK
SATURNE MOBILE,SA004,dcgyy1a8,QUALIF,OK
SATURNE MOBILE,SA004,dcgyy1a9,QUALIF,OK
SATURNE MOBILE,SA004,dcgyy1nx,PROD,OK
SATURNE MOBILE,SA004,dcgyy1o4,PROD,OK
SATURNE MOBILE,SA004,no2yy05w,PROD,OK
SATURNE MOBILE,SA005,noeyy3gu,RECETTE,OK
SATURNE MOBILE,SA005,noeyy3gv,RECETTE,OK
SATURNE MOBILE,SA004,pc2yy03t,PROD,OK
SECURISATION DES ECHANGES DISTRIBUTEURS (SEDI),SCX,no2yy008,PROD,OK
SECURISATION DES ECHANGES DISTRIBUTEURS (SEDI),SCX,no2yyx59,RECETTE,OK
SECURISATION DES ECHANGES DISTRIBUTEURS (SEDI),SCX,pc2yy009,PROD,OK
SECURISATION DES ECHANGES DISTRIBUTEURS (SEDI),SCX,pc2yy916,RECETTE,AT
SEI - PORTAIL MARCHE D AFFAIRES,SOI,dcgfy0s7,RECETTE,OK
SEI - PORTAIL MARCHE D AFFAIRES,SOI,dcgfy4uj,PREPROD,OK
SEI - PORTAIL MARCHE D AFFAIRES,SOI,dcgfy6kh,RECETTE,OK
SEI - PORTAIL MARCHE D AFFAIRES,SOI,dcgfy79p,RECETTE,OK
SEI - PORTAIL MARCHE D AFFAIRES,SOI,no2fy98b,RECETTE,OK
SEI - PORTAIL MARCHE D AFFAIRES,SOI,no2fy98e,RECETTE,OK
SEI - PORTAIL MARCHE D AFFAIRES,SOI,no2fy99d,RECETTE,OK
SEI - PORTAIL MARCHE D AFFAIRES,SOI,no2fy99e,RECETTE,OK
SEI - PORTAIL MARCHE D AFFAIRES,SOI,no2fyd06,PROD,OK
SEI - PORTAIL MARCHE D AFFAIRES,SOI,no2fye06,PREPROD,OK
SEI - PORTAIL MARCHE D AFFAIRES,SOI,no2fyf06,PREPROD,OK
SEI - PORTAIL MARCHE D AFFAIRES,SOI,no2fyw49,PROD,OK
SEI - PORTAIL MARCHE D AFFAIRES,SOI,no2fyz05,PROD,OK
SERVAL,SRVAL,knw30n79,FORM,PS
SERVAL,SRVAL,knw36n77,PREPROD,PS
SERVAL,SRVAL,knw36n78,PREPROD,PS
SERVAL,SRVAL,kpw30n70,PROD,OK
SERVAL,SRVAL,kpw30n73,PROD,PS
SERVAL,SRVAL,kpw36n71,PROD,PS
SERVAL,SRVAL,kpw36n74,PROD,PS
SERVAL,SRVAL,noeyyxhd,PREPROD,PS
SERVAL,SRVAL,pcyfybud,PROD,OK
SERVAL,SRVAL,pcyfybue,PROD,OK
SERVAL,SRVAL,pcyfybuf,PROD,OK
SERVAL,SRVAL,pcyfycmb,PROD,OK
SERVAL,SRVAL,pcyyykp1,QUALIF,OK
SERVAL,SRVAL,pcyyyx7k,DEV,PF
SERVAL,SRVAL,pcyyyxc7,DEV,OK
SERVAL,SRVAL,pcyyyxgb,QUALIF,PS
SERVAL,SRVAL,pcyyyxhc,QUALIF,OK
SERVEUR DONNEES SENSIBLES PREVISION CT,D8P,dcgyy33y,PROD,OK
SERVEUR DONNEES SENSIBLES PREVISION CT,D8P,dcgyy33z,BACKUP,OK
SERVICE HABILITATIONS RH,SE045,dceyy098,RECETTE,PS
SERVICE HABILITATIONS RH,SE045,dceyy0au,PROD,PS
SHARLINE,SLN,no2yy0xu,PROD,OK
SHARLINE,SLN,no2yy0xv,PROD,OK
SHARLINE,SLN,no2yy0xw,PREPROD,OK
SHARLINE,SLN,no2yy0xx,PREPROD,OK
SI ASSURANCES DU GROUPE,ED006,no2yyd50,PROD,OK
SI GAM,SI035,dceyy07e,PROD,OK
SI GAM,SI035,dceyy07f,BACKUP,OK
SI GAM,SI035,dcgyy23z,DEV,OK
SI GAM,SI035,noeyyql6,RECETTE,OK
SI GAM,SI035,pcyyypqt,RECETTE,OK
SI HORS DSI,HDS,no2yy0dk,RECETTE,OK
SI HORS DSI,HDS,no2yy0xa,RECETTE,OK
SI HORS DSI,HDS,no2yy0z3,PROD,OK
SI PARTENARIAT,PACTE,dceyy0tx,INTEG,OK
SI PARTENARIAT,PACTE,dceyy0xs,PROD,OK
SI PARTENARIAT,PACTE,dceyy0xu,RECETTE,OK
SI PARTENARIAT,PACTE,dceyy3n3,DEV,OK
SI PARTENARIAT,PACTE,dcgfy6q2,INTEG,OK
SI PARTENARIAT,PACTE,dcgfy6qe,INTEG,OK
SI PARTENARIAT,PACTE,dcgfy6z0,RECETTE,OK
SI PARTENARIAT,PACTE,dcgfy6z1,RECETTE,OK
SI PARTENARIAT,PACTE,dcgfy6z2,RECETTE,OK
SI PARTENARIAT,PACTE,dcgfy7g9,PREPROD,OK
SI PARTENARIAT,PACTE,dcgfy7gb,PREPROD,OK
SI PARTENARIAT,PACTE,dcgfy7gd,PREPROD,OK
SI PARTENARIAT,PACTE,dcgfy7gy,PREPROD,OK
SI PARTENARIAT,PACTE,dcgfy7gz,PREPROD,OK
SI PARTENARIAT,PACTE,dcgfy7h0,PREPROD,OK
SI PARTENARIAT,PACTE,dcgfy7pw,PROD,OK
SI PARTENARIAT,PACTE,dcgfy7px,PROD,OK
SI PARTENARIAT,PACTE,dcgfy7py,PROD,OK
SI PARTENARIAT,PACTE,dcgfy7pz,PROD,OK
SI PARTENARIAT,PACTE,dcgfy7q0,PROD,OK
SI PARTENARIAT,PACTE,dcgfy7se,PROD,OK
SI PARTENARIAT,PACTE,no2fy0y1,DEV,OK
SI PARTENARIAT,PACTE,noefybl6,PROD,OK
SI PARTENARIAT,PACTE,noefybl9,RECETTE,OK
SI PARTENARIAT,PACTE,noeyyajl,INTEG,OK
SI PARTENARIAT,PACTE,noeyybea,INTEG,OK
SI PARTENARIAT,PACTE,noeyybl5,PROD,OK
SI PARTENARIAT,PACTE,noeyyblb,RECETTE,OK
SI PERIPHERIQUE,CPN,dceyy0n9,PROD,OK
SI PERIPHERIQUE,CPN,dceyy0na,PROD,OK
SI PERIPHERIQUE,CPN,do1fy26i,PROD,OK
SI PERIPHERIQUE,CPN,do1fy26j,PROD,OK
SI PERIPHERIQUE,CPN,do1fyadx,PROD,OK
SI PERIPHERIQUE,CPN,do1fyakg,PROD,OK
SI PERIPHERIQUE,CPN,do1fyc6g,PROD,OK
SI PERIPHERIQUE,CPN,no2fy0b1,PROD,OK
SI PERIPHERIQUE EXPERIMENTATION,FNU,dceyy39h,PROD,OK
SI PERIPHERIQUE EXPERIMENTATION,FNU,dceyy39j,PROD,OK
SI PERIPHERIQUE EXPERIMENTATION,FNU,dceyy39l,RECETTE,OK
SI PERIPHERIQUE EXPERIMENTATION,FNU,dcgfy6yr,RECETTE,OK
SI PERIPHERIQUE EXPERIMENTATION,FNU,dcgfy6ys,PROD,OK
SI PERIPHERIQUE EXPERIMENTATION,FNU,dcgyy6ym,PROD,OK
SI PERIPHERIQUE EXPERIMENTATION,FNU,dcgyy6yn,PROD,OK
SI PERIPHERIQUE EXPERIMENTATION,FNU,dcgyy6yo,PROD,OK
SI PERIPHERIQUE EXPERIMENTATION,FNU,dcgyy6yp,PROD,OK
SI PERIPHERIQUE EXPERIMENTATION,FNU,dcgyy6yq,RECETTE,OK
SI PERIPHERIQUE EXPERIMENTATION,FNU,no2fy18u,PROD,OK
SI PERIPHERIQUE EXPERIMENTATION,FNU,no2fyr08,PROD,OK
SI PERIPHERIQUE EXPERIMENTATION,FNU,no2fyu09,PROD,OK
SI PERIPHERIQUE EXPERIMENTATION,FNU,pc2fy0pw,RECETTE,OK
SIAM,SIAM,no2fy825,PROD,OK
SIAM,SIAM,no2fy826,PROD,OK
SIAM,SIAM,no2fy827,PROD,OK
SIAM,SIAM,pc2fy52g,PROD,OK
SIAM,SIAM,pc2fy52h,PROD,OK
SICCOMORE!,CCA,dceyy2s2,QUALIF,PS
SICCOMORE!,CCA,dcgyy2u4,DEV,OK
SICCOMORE!,CCA,dcgyy47b,INTEG,KT
SICCOMORE!,CCA,pc2yy0jc,RECETTE,OK
SICCOMORE!,CCA,pc2yy59u,PROD,OK
SIEM,SIEMM,dcgfy2tc,DEV,OK
SIEM,SIEMM,dcgfy3lo,PREPROD,OK
SIEM,SIEMM,dcgfy3lr,PROD,OK
SIEM,SIEMM,dcgfy3mq,PROD,OK
SIEM,SIEMM,dcgfy3mr,PROD,OK
SIEM,SIEMM,no2fy09s,DEV,OK
SIEM,SIEMM,no2fy09t,DEV,OK
SIEM,SIEMM,no2fy0ez,PROD,OK
SIEM,SIEMM,noefy5ks,PROD,OK
SIEM,SIEMM,noefy5kt,PROD,OK
SIEM,SIEMM,noefyxd9,PROD,OK
SIEM,SIEMM,pcyfyar4,PREPROD,OK
SIEM,SIEMM,pcyfyxrj,PREPROD,OK
SIGNATURE DE BINAIRES,SGS,dcgfy3ih,PROD,OK
SIGNATURE DE BINAIRES,SGS,no2yyb60,RECETTE,OK
SIINFRA_OUTILLAGE OPERATEUR,EXS6,cieyy1pd,INTEG,OK
SIINFRA_OUTILLAGE OPERATEUR,EXS6,dceyy1mn,INTEG,OK
SIINFRA_PTFM AMPLI,AMPLI,dceyy1ah,RECETTE,OK
SIINFRA_PTFM AMPLI,AMPLI,dceyy1ai,RECETTE,OK
SIINFRA_PTFM AMPLI,AMPLI,dceyy1g8,QUALIF,OK
SIINFRA_PTFM AMPLI,AMPLI,dceyy1g9,QUALIF,OK
SIINFRA_PTFM AMPLI,AMPLI,no2fy433,PROD,OK
SIINFRA_PTFM AMPLI,AMPLI,no2fy434,PROD,OK
SIINFRA_PTFM LIFERAY,PL005,no2fy0bf,PROD,OK
SIMA AUTOMATES,SS6,dceyy2lv,PROD,OK
SIMA AUTOMATES,SS6,dceyy2lx,PROD,OK
SIMA AUTOMATES,SS6,dceyy2lz,PROD,OK
SIMA AUTOMATES,SS6,dceyy2rq,PROD,OK
SIMA AUTOMATES,SS6,dceyy2rr,PROD,OK
SIMA AUTOMATES,SS6,dcgyy1q8,PROD,OK
SIMA AUTOMATES,SS6,dcgyy1q9,RECETTE,OK
SIMA AUTOMATES,SS6,dcgyy1qa,RECETTE,OK
SIMA AUTOMATES,SS6,dcgyy7ye,PROD,OK
SIMA AUTOMATES,SS6,dcgyy7yf,PROD,OK
SIMA AUTOMATES,SS6,dcgyy81g,PROD,OK
SIMA AUTOMATES,SS6,no2yy067,RECETTE,OK
SIMM,SIMM,dcgyy4s1,PROD,OK
SIMM,SIMM,no2yy04y,PROD,OK
SIMM,SIMM,no2yy0kb,PROD,OK
SIMM,SIMM,no2yy0ym,DEV,OK
SIMM,SIMM,no2yy0yn,DEV,OK
SIMM,SIMM,no2yy1bv,DEV,OK
SIMM,SIMM,no2yy1bx,DEV,OK
SIMM,SIMM,no2yy1by,DEV,OK
SIMM,SIMM,no2yy1uk,PROD,OK
SIMM,SIMM,no2yy1ul,PROD,OK
SIMM,SIMM,no2yy1us,RECETTE,OK
SIMM,SIMM,no2yy88b,PROD,OK
SIMM,SIMM,no2yy88c,RECETTE,OK
SIMM,SIMM,no2yy97h,PROD,OK
SIMM,SIMM,no2yy97j,PROD,OK
SIMM,SIMM,no2yyb55,RECETTE,PS
SIMM,SIMM,no2yyd57,PROD,OK
SIMM,SIMM,noeyya5d,RECETTE,OK
SIMM,SIMM,noeyya5e,RECETTE,OK
SIMM,SIMM,noeyya5f,RECETTE,OK
SIMM,SIMM,noeyya5g,RECETTE,OK
SIMM,SIMM,noeyya5h,RECETTE,OK
SIMM,SIMM,noeyya5j,RECETTE,OK
SIMM,SIMM,noeyya7n,PROD,OK
SIMM,SIMM,noeyya7p,PROD,OK
SIMM,SIMM,noeyya7q,PROD,OK
SIMM,SIMM,noeyya7r,PROD,OK
SIMM,SIMM,noeyya7s,PROD,OK
SIMM,SIMM,noeyya7t,PROD,OK
SIMM,SIMM,noeyya7v,PROD,OK
SIMM,SIMM,noeyydl4,PROD,PS
SIMM,SIMM,noeyymt8,PROD,OK
SIMM,SIMM,noeyymt9,PROD,OK
SIMM,SIMM,noeyymta,PROD,OK
SIMM,SIMM,noeyymtb,PROD,OK
SIMM,SIMM,noeyymtc,PROD,OK
SIMM,SIMM,noeyymtd,RECETTE,OK
SIMM,SIMM,noeyymte,RECETTE,OK
SIMM,SIMM,noeyymtf,PROD,OK
SIMM,SIMM,noeyymtg,RECETTE,PS
SIMM,SIMM,noeyymtj,RECETTE,OK
SIMM,SIMM,noeyymtk,PROD,OK
SIMM,SIMM,noeyymtl,RECETTE,KT
SIMM,SIMM,noeyymtm,RECETTE,KT
SIMM,SIMM,noeyymtn,PROD,OK
SIMM,SIMM,noeyymtp,PROD,OK
SIMM,SIMM,noeyymtr,PROD,OK
SIMM,SIMM,noeyymts,PROD,OK
SIMM,SIMM,noeyymtt,PROD,OK
SIMM,SIMM,noeyymtu,PROD,OK
SIMM,SIMM,noeyymtz,RECETTE,KT
SIMM,SIMM,noeyymu0,PROD,OK
SIMM,SIMM,noeyymu1,PROD,OK
SIMM,SIMM,noeyymu2,RECETTE,OK
SIMM,SIMM,noeyymu3,PROD,OK
SIMM,SIMM,pc2yy03e,PROD,OK
SIMM,SIMM,pc2yy08m,PROD,OK
SIMM,SIMM,pc2yy0l0,DEV,OK
SIMM,SIMM,pc2yy0tt,PROD,OK
SIMM,SIMM,pc2yy0tu,DEV,OK
SIMM,SIMM,pc2yy0tv,DEV,OK
SIMM,SIMM,pc2yy0tw,DEV,OK
SIMM,SIMM,pc2yy0tx,DEV,OK
SIMM,SIMM,pc2yy0ty,DEV,OK
SIMM,SIMM,pc2yy0tz,DEV,OK
SIMM,SIMM,pc2yy48k,RECETTE,OK
SIMM,SIMM,pc2yy566,PROD,OK
SIMM,SIMM,pc2yy567,RECETTE,OK
SIMM,SIMM,pc2yy872,RECETTE,PS
SIMM,SIMM,pc2yy89s,RECETTE,PS
SIMM,SIMM,pc2yy917,RECETTE,OK
SIMM,SIMM,pcyfyck1,PROD,OK
SIMM,SIMM,pcyyycn2,PREPROD,PS
SIMM,SIMM,pcyyycnr,RECETTE,OK
SIMM,SIMM,pcyyycns,RECETTE,OK
SIMM,SIMM,pcyyycnt,RECETTE,PS
SIMM,SIMM,pcyyycnu,RECETTE,OK
SIMM,SIMM,pcyyycnv,PREPROD,OK
SIMM,SIMM,pcyyycnz,PREPROD,PS
SIMM,SIMM,pcyyycz9,PREPROD,OK
SIMM,SIMM,pcyyyczb,RECETTE,OK
SIMM,SIMM,pcyyyczc,RECETTE,RE
SIMM,SIMM,pcyyyegl,RECETTE,RE
SIMM,SIMM,pcyyylfp,PROD,OK
SIMM,SIMM,pcyyylfr,RECETTE,PS
SIMM,SIMM,pcyyylft,PROD,OK
SIMM,SIMM,pcyyylfu,RECETTE,OK
SIMM,SIMM,pcyyylfv,PROD,OK
SIMM,SIMM,pcyyylfz,RECETTE,OK
SIMM,SIMM,pcyyylg0,PROD,OK
SIMM,SIMM,pcyyylj7,FORM,OK
SIMM,SIMM,pcyyylj9,FORM,OK
SIMM,SIMM,pcyyylja,FORM,OK
SIMM,SIMM,pcyyyljd,FORM,OK
SIMM,SIMM,pcyyylje,PROD,OK
SIMM,SIMM,pcyyyljf,RECETTE,PS
SIMM,SIMM,pcyyyljg,RECETTE,PS
SIMM,SIMM,pcyyymg7,PROD,OK
SIMM,SIMM,pcyyymg8,PROD,OK
SIMM,SIMM,pcyyymg9,PROD,OK
SIMM,SIMM,pcyyymge,PROD,OK
SIMM,SIMM,pcyyymgf,PROD,OK
SIMM,SIMM,pcyyymla,RECETTE,OK
SIPEDIA,SIW,no2fy415,PROD,OK
SIPEDIA,SIW,no2fy416,PROD,OK
SIPEDIA,SIW,pcyyypgu,PREPROD,OK
SITE CP,SI030,cieyy1k5,RECETTE,OK
SITE CP,SI030,cieyy1k6,RECETTE,OK
SITE CP,SI030,cieyy1t0,PROD,OK
SITE CP,SI030,cieyy1t1,PROD,OK
SITE CP,SI030,cieyy1t2,PROD,OK
SITE CP,SI030,cieyy1t3,PROD,OK
SITE CP,SI030,cieyy1t4,PROD,OK
SITE CP,SI030,cieyy1t5,PROD,OK
SITE CP,SI030,cieyy1t6,PROD,OK
SITE CP,SI030,cieyy1t7,PROD,OK
SITE CP,SI030,cieyy1t8,PROD,OK
SITE CP,SI030,cieyy1t9,PROD,OK
SITE CP,SI030,cieyy1xw,RECETTE,OK
SITE CP,SI030,cieyy1yl,RECETTE,OK
SITE CP,SI030,cieyy1ym,RECETTE,OK
SITE CP,SI030,cieyy1yn,RECETTE,OK
SITE CP,SI030,cieyy1yo,RECETTE,OK
SITE CP,SI030,cieyy1yp,RECETTE,OK
SITE CP,SI030,cieyy1yr,INTEG,OK
SITE CP,SI030,cieyy1ys,INTEG,OK
SITE CP,SI030,cieyy1yu,INTEG,OK
SITE CP,SI030,cieyy1yv,INTEG,OK
SITE CP,SI030,cieyy1yx,INTEG,OK
SITE CP,SI030,cieyy1yy,INTEG,OK
SITE CP,SI030,cieyy1z0,INTEG,OK
SITE CP,SI030,cieyy1z3,RECETTE,OK
SITE CP,SI030,cieyy1z4,RECETTE,OK
SITE CP,SI030,cieyy1z5,RECETTE,OK
SITE CP,SI030,cieyy1z6,RECETTE,OK
SITE CP,SI030,cieyy1z7,RECETTE,OK
SITE CP,SI030,cieyy1z8,RECETTE,OK
SITE CP,SI030,cieyy1zf,RECETTE,OK
SITE CP,SI030,cieyy1zk,RECETTE,OK
SITE CP,SI030,cieyy1zl,RECETTE,OK
SITE CP,SI030,cieyy204,RECETTE,OK
SITE CP,SI030,cieyy205,RECETTE,OK
SITE CP,SI030,cieyy206,RECETTE,OK
SITE CP,SI030,cieyy207,RECETTE,OK
SITE CP,SI030,cieyy208,RECETTE,OK
SITE CP,SI030,cieyy209,RECETTE,OK
SITE CP,SI030,cieyy20a,RECETTE,OK
SITE CP,SI030,cieyy20b,RECETTE,OK
SITE CP,SI030,cieyy20c,RECETTE,OK
SITE CP,SI030,cieyy20d,RECETTE,OK
SITE CP,SI030,cieyy218,RECETTE,OK
SITE CP,SI030,cieyy219,RECETTE,OK
SITE CP,SI030,cieyy2hi,RECETTE,OK
SITE CP,SI030,cieyy2hj,RECETTE,OK
SITE CP,SI030,cieyy2lb,PROD,OK
SITE CP,SI030,cieyy2lc,PROD,OK
SITE CP,SI030,cieyy2ld,PROD,OK
SITE CP,SI030,cieyy2up,INTEG,OK
SITE CP,SI030,cieyy2uq,PROD,OK
SITE CP,SI030,cieyy2ys,PROD,OK
SITE CP,SI030,cieyy3e8,RECETTE,OK
SITE CP,SI030,cieyy3e9,RECETTE,OK
SITE CP,SI030,cieyy3ea,DEV,OK
SITE CP,SI030,cieyy3eb,DEV,OK
SITE CP,SI030,cieyy3ec,DEV,OK
SITE CP,SI030,cieyy3ed,DEV,OK
SITE CP,SI030,cieyy3ee,DEV,OK
SITE CP,SI030,cieyy3ef,DEV,OK
SITE CP,SI030,cieyy3ua,RECETTE,OK
SITE CP,SI030,cieyy3ub,RECETTE,OK
SITE CP,SI030,dceyy0ph,RECETTE,OK
SITE CP,SI030,dceyy0pj,RECETTE,OK
SMOOTHIE,SOO,dcgyy4hb,PROD,OK
SMOOTHIE,SOO,dcgyy4hc,RECETTE,OK
SOLIDARITE - ELSA,SOL,dcgyy4hm,PROD,OK
SOP GROUP,SO007,dcgfy4ky,PROD,OK
SOP GROUP,SO007,pc2yy07z,PROD,OK
SOP GROUP,SO007,pc2yy080,PROD,OK
SOP GROUP,SO007,pc2yy081,PROD,OK
SPRINT-DPD,SDD,pc2yy0gg,PROD,OK
SPRINT-DPD,SDD,pcyfymke,PROD,OK
SPRINT-DPD,SDD,pcyyylc4,PROD,OK
SPRINT-DPD,SDD,pcyyylc5,PROD,OK
SPRINT-DPD,SDD,pcyyyxuv,PREPROD,OK
SPRINT-SERVEUR PAIE-GA,SPR,dcgfy1ni,DEV,OK
SPRINT-SERVEUR PAIE-GA,SPR,no2yy986,PREPROD,OK
SPRINT-SERVEUR PAIE-GA,SPR,noeyyljl,DEV,OK
SPRINT-SERVEUR PAIE-GA,SPR,noeyyxt3,PREPROD,OK
SPRINT-SERVEUR PAIE-GA,SPR,noeyyxuj,DEV,OK
SPRINT-SERVEUR PAIE-GA,SPR,noeyyxv3,PREPROD,OK
SPRINT-SERVEUR PAIE-GA,SPR,pc2yy0gm,PROD,OK
SPRINT-SERVEUR PAIE-GA,SPR,pc2yy0vh,DEV,OK
SPRINT-SERVEUR PAIE-GA,SPR,pcyyybv9,PROD,OK
SPRINT-SERVEUR PAIE-GA,SPR,pcyyyxhl,DEV,OK
SPRINT-SERVEUR PAIE-GA,SPR,pcyyyxt4,PROD,OK
SPRINT-SERVEUR PAIE-GA,SPR,pcyyyxu3,PROD,OK
STARH,TAG,dceyy38n,PROD,OK
STORE CLM,CA001,no2fyi11,PROD,OK
SUMATRA,XWS,dceyy1nj,RECETTE,PS
SUMATRA,XWS,dceyy1qx,PROD,OK
SUPERVISION COMMERCE (@CCOST),SUM,cieyy36o,PROD,OK
SUPERVISION COMMERCE (@CCOST),SUM,dceyy0ar,RECETTE,OK
SUPERVISION COMMERCE (@CCOST),AE001,noefy0pv,PROD,OK
SUPERVISION COMMERCE (@CCOST),SUM,noefyan0,PROD,OK
SUPERVISION COMMERCE (@CCOST),SUM,noefyb77,RECETTE,PS
SUPERVISION COMMERCE (@CCOST),SUM,pc2yy04m,PROD,OK
SUPERVISION COMMERCE (@CCOST),SUM,pcyfymnd,PROD,OK
SUPERVISION COMMERCE (@CCOST),SUM,pcyfymze,RECETTE,PS
SUPERVISION COMMERCE (@CCOST),AE001,pcyfz07ael,PROD,OK
SUPERVISION COMMERCE (@CCOST),SUM,pcyyydq9,PROD,OK
SUPPORT DAG,6DU,dceyy3rg,PREPROD,OK
SUPPORT DAG,6DU,dcgyy0xm,PROD,OK
SYNCHRONIC,SKN,noefyays,PROD,OK
TECFI,TCF,dceyy2is,PROD,OK
TECFI,TCF,dceyy2it,PROD,OK
TIL,TI2,noefyb60,RECETTE,OK
TIL,TI2,noefyb73,PROD,OK
TOSCANE,TSC,dcgyy7np,PROD,OK
TOSCANE,TSC,pc2yy0hf,PROD,OK
TOSCANE,TSC,pcyyyphc,PROD,OK
TRAVAUX,MA002,dceyy0s1,PROD,OK
TRAVAUX,MA002,dceyy0s2,PROD,OK
TRAVAUX,MA002,dceyy0s3,PROD,OK
TRAVAUX,MA002,dceyy0s4,PROD,OK
TRAVAUX,MA002,do0yy2er,PREPROD,OK
TRAVAUX,MA002,do0yy2es,PREPROD,OK
TRAVAUX,MA002,do0yy2et,PREPROD,OK
TRAVAUX,MA002,do0yy2eu,PREPROD,OK
VECTEUR DE DIFFUSION,VE001,noeyy4lu,PROD,OK
VECTEUR DE DIFFUSION,VE001,noeyy4lv,PROD,OK
VECTEUR DE DIFFUSION,VE001,noeyy4lz,PROD,OK
VECTEUR DE DIFFUSION,VE001,noeyy4m0,PROD,OK
VECTEUR DE DIFFUSION,VE001,noeyy4m1,PROD,OK
VECTEUR DE DIFFUSION,VE001,noeyy4m2,PROD,OK
VECTEUR DE DIFFUSION,VE001,pcyyyal3,DEV,OK
VECTEUR DE DIFFUSION,VE001,pcyyyask,BACKUP,OK
VECTEUR DE DIFFUSION,VE001,pcyyyasl,BACKUP,OK
VECTEUR DE DIFFUSION,VE001,pcyyyasm,BACKUP,OK
VECTEUR DE DIFFUSION,VE001,pcyyyasn,BACKUP,OK
VECTEUR DE DIFFUSION,VE001,pcyyyasp,BACKUP,OK
VECTEUR DE DIFFUSION,VE001,pcyyyasr,BACKUP,OK
VEG@,VEG,dceyy2ug,DEV,OK
VEG@,VEG,dceyy3un,PREPROD,OK
VEG@,VEG,dceyy3uo,PREPROD,OK
VEG@,VEG,dceyy3xb,PROD,AT
VEG@,VEG,dceyy3xl,PROD,AT
VEG@,VEG,dcgyy49b,PREPROD,OK
VEG@,VEG,do1yy054,DEV,OK
VEG@,VEG,do1yy08y,PROD,OK
VEG@,VEG,no2yyl46,PROD,OK
VEG@,VEG,no2yym46,PROD,OK
VEG@,VEG,pc2yy877,PROD,OK
VEG@,VEG,pc2yy878,PROD,OK
VEGA-OR,CL003,no2yyu12,INTEG,OK
VEGA-OR,CL003,pc2yy71y,RECETTE,OK
VEGA-OR,CL003,pc2yy86d,PROD,OK
VENUS PILOTAGE,2HC,no2fyi00,DEV,OK
VENUS PILOTAGE,2HC,no2yy0c6,PREPROD,OK
VENUS PILOTAGE,2HC,no2yy0c7,PROD,OK
VENUS PILOTAGE,2HC,pc2yy07w,PROD,OK
VEOL,IN018,dceyy3q5,DEV,OK
VEOL,IN018,no2yy0lr,PROD,OK
VEOL,IN018,no2yy0ls,PROD,OK
VEOL,IN018,noefyfmg,PROD,OK
VEOL,IN018,noefyfmj,PROD,OK
VEOL,IN018,noefyfmk,PROD,OK
VEOL,IN018,noefyfml,PROD,OK
VEOL,IN018,noefyfmp,PROD,OK
VEOL,IN018,noeyypke,DEV,OK
VEOL,IN018,pc2yy0ct,PROD,OK
VEOL,IN018,pc2yy0cu,PROD,OK
VEOL,IN018,pc2yy46q,PROD,OK
VEOL,IN018,pc2yy46r,PROD,OK
VEOL,IN018,pc2yy46s,PROD,OK
VEOL,IN018,pcyfykrl,PROD,OK
VEOL,IN018,pcyfykrm,PROD,OK
VERONE,BMP,dceyy2kj,PROD,OK
VERONE,BMP,dceyy2kk,INTEG,OK
VERONE,BMP,dceyy2sb,PROD,OK
VERONE,BMP,dceyy2ua,PROD,OK
VERONE,BMP,dceyy2ub,PROD,OK
VERONE,BMP,dcgyy3j2,PROD,OK
VERONE,BMP,dcgyy3j3,PROD,OK
VERONE,BMP,dcgyy3k4,PROD,OK
VERONE,BMP,dcgyy3k5,PROD,OK
VERONE,BMP,dcgyy3oc,PROD,OK
VERONE,BMP,no2fy84x,INTEG,KT
VERONE,BMP,no2fy974,PROD,OK
VERONE,BMP,no2fyt12,PROD,OK
VERONE,BMP,no2yy0gl,PROD,OK
VERONE,BMP,no2yy0zl,PROD,OK
VERONE,BMP,no2yy0zn,INTEG,OK
VERONE,BMP,pc2fy53y,INTEG,OK
VERONE,BMP,pc2fy60p,PROD,OK
VERONE,BMP,pc2fy71w,PROD,OK
VERONE,BMP,pc2yy0a8,PROD,OK
VISIR,VSR,no2yy0hw,PROD,OK
VISIR,VSR,no2yy0hx,PROD,OK
VISIR,VSR,no2yy0hy,PROD,OK
VISUAL PLANNING SEI,VI003,dcgyy1fb,QUALIF,OK
VISUAL PLANNING SEI,VI003,dcgyy1pl,PROD,OK
WEB SEMANTIQUE FINANCE - DATAFI,DTE,dceyy2j5,PROD,OK
WEB SEMANTIQUE FINANCE - DATAFI,DTE,dceyy2j6,PROD,OK
WEB SEMANTIQUE FINANCE - DATAFI,WBS,dceyy2ya,PROD,OK
,,,,
"OK : ok;
OW : ok avec warning oracle;
PS : ok-pas-svg;
PF : ko-pas-fanion-arret;
AD : ko-appli-deja-demarre;
KT : ko-technique; 
DP : deplanifi",,,,
